strong_linear_1,strong_linear_2,moderate_linear,weak_linear,confound_proxy_1,confound_proxy_2,confound_proxy_3,nonlinear_1,interaction_a,interaction_b,threshold_feature,pure_noise_1,pure_noise_2,pure_noise_3,pure_noise_4,target
0.309045342558374,-0.00316572920657726,-1.1995478577536,0.525423772000886,-0.705961403615288,-0.449189213990038,-0.0175328032477634,0.778179180856878,-0.212831496835965,0.324992244702697,1.39318125793491,0.175174949309003,0.0384984856952722,-0.552895933693713,-0.256402555532296,8.81834384484393
-0.019523241139962,1.63635204270774,0.913909097795655,-0.943530844708866,0.8826447841908,2.12622269142909,0.827484905568422,0.744523670390617,0.141569297035113,-0.967134981074693,0.839349114231602,-0.965276339599558,-2.38829245075118,0.153674020564188,-1.33707510788784,4.95741151355377
0.795897593985514,1.21337086960092,0.339231562264769,-0.675356519844487,-0.71777934855263,-0.564423680715596,-2.44853662213574,0.774402622887918,1.46274045078668,-0.134381412964944,0.872824351005635,-0.0715834716024972,1.1799134104257,-0.0435294665046663,1.25710278065519,2.36112351811871
1.6012319861552,0.0557474632360929,-0.24853723625443,1.58234374133718,-1.55161329418571,-1.81008313510036,-1.63335453033664,-0.138778360663638,-1.01860092808603,-0.922411760068581,-0.966156723370417,1.13157845153952,2.07002638247828,-0.414702386726967,0.336934330144052,6.45936799297633
-0.399244920876962,0.279798097839056,0.158623051719911,-1.25965790528433,-1.42021876038138,-1.59481487235953,-2.17975546603029,-0.219728738953334,-0.251401446634831,0.0818274314866133,-0.0793884244057029,-1.60952098308098,1.28404100683629,-0.702657745116651,-1.26689671292659,-0.863109049692347
-0.435623967330596,-1.22956789120865,0.282701207073143,1.57243186617121,0.903459182412825,-0.104488582040941,-0.372755537930928,-1.39182113231861,0.128819720525726,-0.203691518639613,-0.300465948720704,-0.697309150699027,-3.53885772506976,-1.90533045245094,0.43866796255826,5.48371842541971
1.57154659420996,-0.445056336014943,0.857653326130864,-0.426856889995651,-1.39644000077029,-1.31266925221499,-2.02288533542983,0.110677722956882,-1.00628862314915,0.31660856166845,-1.00560137568947,-1.81554162952534,0.451088212505566,-0.72380374435167,1.70156607005286,0.512913358816957
1.11925343493072,0.161741456666508,0.916722110245453,0.868622344354256,1.80267508209144,1.42157175918406,1.82043926508415,-0.309068205943138,0.192417804853557,-2.2197653284104,0.360164183945767,0.536975696943741,-0.466745810575046,-0.512295146260972,-0.03631593341592,7.39116731866672
-0.306394339556622,0.225914608685449,0.814769747367452,-0.46946079152947,-1.98199238582314,-1.71577329765966,-1.28474491093478,0.517242136558802,-0.658301330164363,-0.751304403533996,-0.537645757779817,1.22547054531447,-1.08424375361171,0.151231072166842,-0.00221266947056217,-0.225084330432212
0.431375743960133,-0.902480848488837,0.783592320881078,0.765955444158132,1.79085682247389,1.47664025845182,1.88436705260903,-0.949499897892365,-0.585595702613324,-1.23706022942714,0.655403829850237,-0.183409987292043,0.122732161638273,1.9630858846815,1.56800503104332,8.0698299899403
-0.231908079617959,0.91780475679589,0.913666707631827,-0.683139309957931,0.226208520785836,0.16431110088452,-0.152884565726825,0.984641443839415,-0.557038923738153,-0.420112838260583,-1.07019156289433,-1.0055200145153,-0.148947294899721,-0.615956193513419,-0.970383981751253,1.33403207942688
-1.32029253975928,1.69960791582278,0.778934207702012,-0.302511832143371,0.0518233718015521,-0.350936248432154,0.176829405232029,0.648566391545689,-1.26637907024401,-1.09047554718333,1.71904061284182,-0.976246451454535,0.508657804279841,-1.02373085374717,1.72755204262068,-8.85560597351443
0.586591981677665,0.0280061831676247,0.146933486897833,0.113507856865531,-0.448469296272818,0.150621453932383,-0.820373272940345,0.576270254833452,-0.0312473424128687,0.532174793350556,-0.896332658592062,-0.297057207872743,0.0565801893054541,-0.714496091303098,0.972911070368237,3.51254815529332
-2.43519437829123,1.05121242556927,-1.9484629450934,-1.57617152917881,0.151603629886611,0.270639007904906,-0.0176241071458159,-0.308060232430931,-0.919513806936984,-2.07012284210141,0.219302337200436,-0.300872045391525,-1.12081210688898,0.153344767602115,-0.924218963980015,-7.58939558446268
-1.83365011493397,0.49708852259707,-0.906530595701344,0.223348995666216,0.136196510453006,0.695388114966832,-0.730252303364639,0.810556254478871,-1.45074219589929,-1.1585976448727,0.791859310388068,0.91183177851337,-0.576601776742971,0.588635459796273,-0.668268999844115,-0.138761590693697
-0.898188497628816,-0.122868433461465,-1.00380866348863,-0.681899825243877,1.28076004946987,1.42896258686383,0.0522045979654899,-0.200369908037921,-0.284321867358656,0.616436764065778,-0.570640430200113,-0.668876034443013,-0.737958556325016,0.728345213069543,-0.52481283368229,0.214782034352099
-1.4012355630507,0.241196419279542,0.784503951022201,-0.532449251440346,-0.0384295721736767,0.307054339596194,-0.119726575273628,-0.0960012001804367,-0.0033005698624971,1.0726853661828,0.852468643432951,0.43507833818586,-1.71648317674445,0.827707998234266,-1.83356421398709,-2.95601110984666
0.66249536880883,0.0931700844407719,0.0880538724104803,-0.90007517482993,0.157889328551398,0.297795020388886,0.245133855413957,0.182349643135701,1.16148921630125,-0.333279051408783,-1.22918359780042,-0.305470029247868,-1.37164464395388,0.969230587611975,0.260471749070881,8.95219606369913
-1.04833443591478,0.556216626472591,-0.431821121822502,-2.83474088145167,-0.226946413651642,-0.206093292927355,-0.42158641422279,0.609328325432587,0.00922881390206755,0.13842877396144,1.45211769918256,-0.744756955239837,-0.211068669885194,-0.27888363747317,-0.878947003247853,3.20201388570207
-1.30835253681608,-0.620659056968579,-0.825694908719081,-0.614718873000756,-0.0988083876369398,-0.828014655459312,-0.306525780489483,-1.58502037397757,1.78900732934526,-0.170979375886186,0.0141492649657583,-0.330376063340977,1.42375407530728,2.05314018374121,0.296551321431305,1.66418183004891
1.4515725952578,0.185998997973833,0.915354798879982,2.85231005228938,0.522397378445262,0.196248411231757,-0.259645867526009,0.225605643253331,-0.937232040878752,-1.63844603629044,-0.59641140796888,0.33653838187098,-0.535557079698795,-0.354768521158764,-1.29094325032522,10.61834458236
-0.0826640523195992,0.81975049243839,1.08076416046471,0.716871397752063,-1.23739389373275,-1.3721052041829,-1.34522067764564,-0.519640413541591,-0.00200320434037533,0.478905851201176,-0.299181772427435,0.914933389881702,-0.75743077475279,0.109340576340909,0.923013236894499,3.6017367156895
0.0905747720060005,1.34165778893218,0.2473847488901,0.000998081671982509,-1.50538262863271,-1.36774429549536,-2.13846457407366,0.606584228350432,-0.670164700700991,0.0941009170251065,0.808919269392719,-0.25197318715849,-1.18128680667283,1.29582707177269,0.737625930130502,2.87424396180274
-1.80964585347003,0.707507925883505,-0.354376108151646,-0.690315285072305,0.46705517339196,0.181188155301285,1.2088808423288,1.47043970070512,-2.40056681882471,-0.541760486693487,-0.584455291850438,-1.20393813079777,0.0305364949953507,0.566425027987766,-0.705879014060215,-6.80850823485824
-0.245502678691041,1.83973969930525,0.0891609968706841,-0.140848924545508,0.231629157248917,0.149903657896954,-0.430464773228093,0.602439799801183,-1.68971531784129,-2.13353735489879,-0.749357689422778,0.999714803265441,1.17925933461013,-2.24084674402274,0.359649157882116,-0.677946457586851
-0.0372043852385277,-1.35725453970085,-1.03239897806172,0.58039589208817,-0.0396708353274504,0.497658870149517,-0.6354444787645,-1.16378056491926,0.749213355206404,0.27881531878703,-0.221536597583738,-0.898169383152115,2.00268276640859,0.00563583029685279,0.0829205593095799,8.68108214139417
-1.61796814702023,1.48918277570278,-0.708729346308282,-1.52611088853554,-0.0277393417035606,0.517190619279281,-0.861637181304013,0.686648194162184,-0.339024370249682,0.304137038062263,-1.17696211276997,0.260823167677533,0.285399376721687,0.861964756086487,1.48229948615291,-4.47062747906548
0.247263470055898,-0.147620503978153,0.276533535073697,1.22703110017257,0.638233838025878,0.322780101615258,0.046740417230289,1.00947911404762,0.238984533673499,0.362675154085506,1.82054390794182,-0.0248326677037544,0.139993742636435,-1.34347027952956,-1.03247896789487,7.08189342429401
-0.150410752728512,2.12342684614194,0.25795662462543,0.535189708465603,-0.807480840254011,-0.159179969486127,0.0454277947774258,0.0817823527016793,-2.38817075691117,-1.12167331107448,-0.566394591214723,-0.158570092346219,-0.543473107253543,0.750692795128987,-0.152297978494147,-12.4807348519298
-0.036627227159229,-0.891342275321828,-0.91378815194234,0.630677600769952,-0.63972100079599,-0.924907533549533,-0.468927872335939,-1.14363676130422,0.0983791018351644,0.241764814383765,0.831616786180404,-0.486976300188007,-0.376566621491011,0.390153940013453,-0.640683636707773,-0.213182971885711
-0.706302252551755,-0.747499832838046,-1.54070318241305,0.257963755140908,0.0746730909459029,-0.485703379633006,0.782898522314503,-0.145484757890175,0.716456191104838,-0.594350835114516,0.209470083647773,0.620148780415464,0.629175091050703,1.18392048385137,0.0448181971001678,1.85797507987563
1.74750087321341,-0.354671481682233,0.821746508950537,0.575300113046671,-0.634497196373573,-1.34815917286685,-0.665087250054671,0.178939839477695,-0.987366560406044,-0.161340866113819,-0.984534050481968,-3.58206260748751,-0.314875332063079,-0.691931322338641,0.533273602783593,5.55394424525262
-0.109987740103149,-1.86575367780188,-1.76048884898528,0.66881206854544,0.806755826348096,1.03340826311775,-0.25394914140375,-0.892272904085969,-1.26198881052558,-0.3989336499526,-0.00595470921272938,1.13647050836704,-0.162282447167414,0.995893415589245,-0.651807378073709,2.87269400070549
-0.434686533887648,-0.700678253251443,-0.388894987832083,0.274500855054608,-1.85591492179451,-1.81218083696956,-1.90105713883437,-0.997487281099019,-0.067125661228723,0.909235111853299,0.784002779310748,-0.912507774394035,-0.0253472747504244,0.159608247400832,-0.364106221389212,-4.09704346088496
0.937125547772655,-0.809269175689621,0.239337734401136,-0.107277237310067,0.919244210143928,0.931802045575636,0.561036159855166,0.15004489280318,-0.669275143276448,-1.71854472297222,-0.188261335086307,0.407956909750648,-0.590828110907476,1.76605030405229,0.966040798057363,10.899683461502
-1.0918311558137,0.235167771622698,-1.54687957507109,-0.939854867888208,0.644515059809003,0.352662203903091,1.27094242483647,0.787604442255251,0.191796337447457,-1.00922906437002,1.19311294585103,0.355025617934929,-0.0749792590775513,2.78604993781333,1.35732466192644,-2.12240828688279
0.517948631214308,0.267148637922095,0.076495101083799,0.164515373763413,0.178603604355973,1.01768437014308,-0.462043453541911,0.606720826606017,-1.46590909305479,1.07594156117074,1.02151539278186,1.27497738202082,-2.0194061287908,1.53833043905255,0.493516035202879,3.18142068097763
-1.88803337617182,2.35837451202188,-0.876627581995861,0.961119114331255,0.973608740359066,1.63307455009034,1.51890959757898,0.628773482578261,-3.79016272374172,-3.91978754317631,0.918914854658329,0.197749135538069,0.548835883018462,0.480518678108224,-0.137963098743159,-10.9419647543283
-1.40589869264464,1.09771632367753,-0.22523738781313,-1.63756289032343,1.67055212857106,2.55298653784183,2.20124676652784,0.794050234891778,-1.16220554350394,-0.24504684918943,-0.459656772272997,-0.829109180634045,2.35177183897205,2.3210039960618,-0.233096921037149,-0.367865182165106
0.13795628114363,-0.356440319847458,0.6916255468704,-1.4084668949917,0.630435433778599,0.95075198085811,2.11214218604778,-0.60957536991256,0.481158425330233,-0.168331427972078,-1.07984244778149,-1.60475498791097,-0.552043615163066,0.603478041667984,0.54812632872729,6.56047092434264
0.716986202171191,-0.699550290748134,-1.04138940232954,0.38630081523514,-1.84364178055049,-1.72262443583281,-2.08668618690934,-0.649999947746588,-0.178448900802117,-1.95277765083882,-0.613587605362794,-0.348803154872975,0.37383714500167,-0.907945713522616,0.227767001404872,0.795821785858292
0.160201610237018,0.843961328752103,0.368604284805035,0.102298186213009,-1.41752252154854,-1.88623398650402,-0.852183670987604,1.05271894375679,0.492099266071628,0.708746662717669,0.19624094066672,-1.95817542888301,0.851576320246185,-0.0392733069515753,-1.6489758378913,-3.07097410333356
0.102640580702853,-1.26592673940953,-0.693561929581185,0.138647179653936,-0.723443142175633,-0.034044807248369,0.744172524227627,-0.617006133578421,-0.407275651947498,-0.26024191968507,0.545786713532356,-0.628485706310756,1.28021527271746,0.761672186295002,0.572385232307903,2.88940331604926
-0.285519929847099,1.4424091814676,0.954725334858448,0.153622089231714,0.314817450904597,-0.44102077029634,-0.344493955949384,0.535269035115787,-1.88706049870446,-0.0623768332562135,-2.17157140476045,-0.292630620330205,-0.264321488740179,0.825954155620064,-0.860569789422562,-4.03476774799897
-1.25872996720275,1.29934650624708,-0.287419168989328,-0.666758851745033,0.266357641613272,0.604369245974175,-0.403365128050293,1.47499117559535,-2.01896508475102,-1.72618054752998,-0.00811320161175029,-0.689915978028925,-1.80331725368872,-1.12526488980766,-1.41693640847565,-4.36900346291069
-0.744059182427283,-0.664582720242254,-1.070758384922,1.27391017608367,-0.56310277580387,-1.1646648242066,-1.85374983349812,-0.326898313135856,1.03887565353337,-0.742449383672627,0.158089225323184,0.0417736573649122,0.267231950848763,-1.09353228645967,-1.66834488810873,2.9084295994658
-0.43704821386496,-1.8717195336158,-1.15306943561219,-1.73909560976445,0.130974178410717,-0.0487799662184001,0.614393981793877,-0.715060691287075,1.7645543532363,0.904142519728595,-0.277544256315552,-0.236104010919208,0.128628690654427,-0.341309846209848,-0.216104371183319,10.2970413717594
0.457662020859283,1.52978157979194,0.698206771315421,-0.511360356914571,-0.811334966052489,-1.0902879047732,-1.88527305718847,1.56318045964158,1.92859294980248,2.96856477770099,1.29127383901588,-0.327686541328782,-0.345666374676003,0.53454361345619,-1.0165243621826,7.759292878132
0.618516591979206,0.256945076177473,0.805959318799189,-0.000169273278508963,-0.453443423781606,-0.854667907262275,-0.834909234754702,-0.55892166074082,0.261180590248073,0.305732535246981,0.421780074250871,-2.42415061703731,-0.133512122884341,0.662562549879919,-2.3263615597392,6.87068887659886
-1.65909361259334,1.24419778499428,-0.54991057922509,-2.17210085776299,-1.33865083793444,-1.62231017810781,-1.14427318462485,0.930742259791757,-1.91657210910204,-2.22258229007604,1.3101919080809,-1.29470518068555,0.143680445017731,0.141305124104811,-0.358455506836811,-9.93674939434549
0.623487002352691,-1.50177775501468,0.697393729570935,-0.0786292136136327,-0.809110646666998,-1.14254076408094,-0.812127924012956,-1.21230261361137,-0.906011567307475,0.2360119367949,-0.215960520350232,0.642656731854876,0.36176199210385,-0.834428733517648,-0.490570834885866,6.7925309254248
-1.25395889387442,-0.0887105395632015,-0.507195865720072,1.54594548160312,-1.15804767350976,-1.01835104090421,-1.09641768710583,-1.19127031748642,0.139766495176087,0.378276626305799,0.937477492506925,0.804256272947444,0.319809710239918,1.7369429430193,-0.14990111465838,-3.20080094210783
-0.0504095888717405,0.0774696535647537,-0.82909978044258,-0.182190111795826,-1.042134929614,-1.41781837020234,-0.84249933949682,0.143927666729718,1.1647990923762,0.14312438548172,1.63506639452752,-1.838776717979,-0.217685659501129,-1.07205806184304,-0.628897954042377,9.39759551044099
0.569799400394316,0.827485528018861,-0.522430624757279,0.414203792370944,0.931194449706289,1.14185836741339,1.82096128459588,1.05158593389768,-0.631053688812756,-0.735400705269814,1.31169344927266,-0.814718181234132,0.384278834985951,1.30234074485376,1.82932966352728,13.9596396353097
1.36345436751721,-0.28041257778978,-0.643310280847694,-0.950864908423795,-1.1664289941435,-0.46221522790972,-1.52078871727522,-1.17105558458502,0.666327867309881,-0.300323668134296,-1.09214159342873,1.07196536759913,-0.285030848274862,0.738823283450366,0.517337294683641,6.61918599581018
0.619308340978539,0.0946211046007535,-0.142573521394575,-0.336977372304618,2.4672999588416,2.42710351903203,2.22618498176227,0.5704400519028,0.354628051043654,1.30485815067996,-0.253676077542381,-0.718038813405149,0.64202550153532,1.28033230387173,-0.499613323621477,5.12295209964238
-0.655385351703868,-0.841617943051235,-0.770302695079731,-0.626961637290729,1.08313678594263,0.206150344581849,0.0297222337183949,-0.619838358305129,1.82376824885491,0.310722266018334,-0.345164705449796,-0.111490787125112,-0.627442835476501,-0.444433292922917,-0.0636268374473626,5.36931231066873
-0.625237044803311,-0.0280319695564602,0.0627557944187142,-0.410478809511598,0.433772039842231,0.0926262736227736,0.68295121081244,-0.0926676408463361,-0.94074500781237,1.04117257370877,0.489254535076328,1.44180532901591,0.0730581921495625,-0.142654198089204,1.41464266749535,5.54878694375779
0.144132743194822,0.507221457936723,-0.701838109692382,1.38102282442484,-1.12857265342282,-0.38646769683693,-0.318118627144175,0.0747544867636431,0.449982484558997,-0.0243446731578452,0.686353555014533,-0.361577311443394,-1.62373858211723,0.0550425572810434,0.956622811735491,5.39202511096117
1.5497545332824,0.716393239439737,1.32812559834258,0.850354598861832,0.435818288060277,0.777952931790334,0.971045071000096,-0.0276401525026475,-0.0138807973948148,-0.119580360308458,-0.838892674025736,-0.504719410187116,-0.369910469457147,-0.476397760601515,-1.39621181437503,12.4196159793222
-0.536378958074294,0.670078082893758,-0.292695222481682,-1.25521022829062,-0.479264613894076,-0.788123544080813,0.134458373896183,0.746172279706252,-1.33167455119454,0.357354936996558,0.0678385139169377,-0.15703669059263,0.567488721129979,0.225258453495098,-0.97429056082663,-3.6193135941937
-0.1204291147099,-1.49193156272468,-0.473176415542108,0.19080708543286,0.231462774120955,0.315560475120577,-0.584814705780467,-1.20481880552463,0.361773729571335,0.00804393486688493,-2.01992733215614,1.85341079789983,-1.03373486670807,1.57908945607121,-0.78184687402334,4.02774679107683
-0.845314654799402,-1.59682114792143,-0.310114275744611,0.166321256294977,2.66986130533227,2.11916767833423,3.56041900519948,-1.87529596714259,2.40387441322025,2.22890458244335,1.44194500580189,0.44620183628948,-0.320100476350084,-1.29683384716797,-0.439699950935809,19.0239120749532
-1.04750205768889,1.02252068563572,0.33145034383032,0.781287051297065,-0.147051058435389,0.176483904452529,0.817883273302705,1.43518407331791,-2.11982448480478,-1.73259652037031,-0.512374240676694,0.0190816277797679,-2.40506954991021,-0.65721170821109,-0.595423202876042,-3.14572933489381
0.857651493937271,0.158156977038175,0.459322709484856,1.82429843328663,1.1241824742851,1.31271624936638,1.59064652463312,0.709585640125772,-0.779297456444048,0.228135415405901,0.055863939844497,-0.524359955681583,-1.36807410853199,-0.765745318706256,0.0340092548610776,8.49964559028904
1.46572832931069,-0.571913015230371,-0.0203659327293002,-0.608222183256622,-0.637600520294016,-0.826299813581441,0.365902920136749,-0.6598662046796,-1.07941873675881,-0.669635258690333,-0.309649713988061,0.538816928181123,-1.1064745561139,-0.0944182621360477,0.735721311018888,2.29227841776665
0.649014553991149,2.05212332682794,-0.713834523536774,-0.832460547684438,-0.0178098892382956,-0.370422809875854,-1.02896241510363,1.09143693121871,-0.172903372490979,0.0919292979660522,1.14602757501342,0.659699769930798,0.101751050771639,-0.135526268978871,0.902660289382486,0.0612271749924266
0.986247258781949,0.234076093239753,0.216897600906906,-0.956517989547009,1.326940561086,1.41612826672213,1.45613175387792,0.545144045504486,0.499907040252662,-1.2807889453517,-2.83750644139738,-1.07317850947547,0.333409012392713,0.772314584440706,-0.326797342899291,17.2416944607354
0.421965739062124,0.820532265453271,0.562022345357494,-0.125529051592691,-0.672926983902806,-0.413040123249403,-1.06814913419694,1.01407392674957,1.09119254594985,-0.358394272071364,-0.016610342325909,0.68662819194616,-0.0560555659401971,0.0337231029213751,-1.6346935187544,3.7973975339917
-0.329923435802841,0.200899281876151,-0.952372176489741,0.272822448064797,1.64216727114487,2.30404075899255,2.24533615225133,0.42907421507954,-0.085148133049346,0.607029483194971,-0.105818757497698,-0.151152286623431,-0.382593382887378,0.302883276719302,-1.04040994187174,2.29161001179972
0.693053385395809,2.41973737087568,0.96238235300246,1.09575319824163,0.742794219237178,0.452828836643958,0.0776674916941881,0.763362756420284,2.04359756446892,0.65224963188185,-0.453636387591683,0.0247986346286067,-0.379101748348747,0.398448045512001,-0.51977478963003,7.11785185380271
1.89414565813408,1.57240597114739,1.67106940663212,0.385459946297268,0.0345850246264144,-0.379112094473674,-0.107969686291776,1.50781342886156,2.85674272346353,2.33316649034883,1.72622654563563,-0.884289002988318,0.716045749040494,0.245404061205812,-1.24503445925136,15.1517119102143
0.155793027498804,-0.289169298480949,-0.255994871942447,-0.330595334987829,0.705904072150382,-0.202403068385307,1.45472942545355,-0.118085886924486,-0.233579154884443,-0.942082411359845,-0.887329458855771,-0.39998202782891,0.212819846883053,0.703313061457592,1.14085898670161,3.64331749369769
1.22174218199486,0.975977409373115,0.93741302537607,0.621151088992942,0.90984851239225,0.73870735736385,1.38967618967713,0.903393530391388,0.392065173211934,0.764346899690819,0.771796177235661,-1.03014226522283,-0.333945596305362,-0.122323382132745,-1.17954105858073,15.5540025091517
-2.12971564439942,0.409906455660476,-1.21250387943975,-1.62106643285695,0.806170262612647,0.609386389068836,0.792060576414097,0.0934743817619058,-1.87458214844428,-3.10597953219632,0.356252788706084,-1.0782181701163,1.29329949524126,1.646368396075,0.617063044735203,-8.11955658785091
0.477998886469617,1.56311568768551,1.30575851537972,2.33610947300734,-1.47368714244861,-1.93409808668319,-2.16294872443091,1.09441655023129,0.889410842915005,1.05398520161173,1.26151925253552,0.37709022042678,1.9499750409961,2.54161984671879,-1.68188035502254,4.58376732132201
0.177837707809881,-1.00120790516244,-0.987980589754847,-1.58154690664661,-0.6431182777345,-1.10173972574071,-1.23524775550009,-1.15478729816231,0.588219599079301,-0.502900064724462,-0.667189084777505,-0.355116565443108,-1.24574245023367,0.70623097476707,0.657201101296054,3.21285892682068
-0.525290105471675,0.811911193170548,0.941575601567617,0.0950383737559642,-0.126148516908371,-0.514630458139059,0.502252707626495,0.37817384167347,0.118604107509424,-0.881745953027094,-0.732968899123759,-1.29963766986242,0.522510070210511,0.227991163709061,-0.139268706667586,4.30780700431596
0.0725192725576045,0.792176833508958,0.41927338129058,2.05113445219029,0.336875283865862,0.042443662230503,0.393175973243153,0.545433924244996,-0.728436532325323,0.0494354551999415,1.0960699074774,2.17705264748838,3.08988960768639,0.624582309317244,1.51253070230255,-1.85283646888705
-1.88894019150985,-1.88997697652014,-1.88472736956287,-0.58947082982027,0.394494410485495,0.545740490188128,0.597260385924152,-1.40888458297377,3.61619400258345,3.75039537369264,0.42532130833011,-1.12465503931594,0.280205541050194,-1.10103308588364,-1.13156260654633,2.69580508920635
-0.12326472320243,-0.966544105317444,-0.180177883814883,-0.255940601352748,0.272427416295545,-0.717591492396735,-0.0730447265262805,-0.0759337886846062,0.730000451487435,1.72516718382406,-1.54493734667676,1.09210296101933,0.115442636164277,0.180105467465415,-0.564114800611595,8.85980436978845
0.483688797782332,-2.15108212338763,-0.461495649438891,-0.250311651356903,-1.52062058470641,-2.18362441976413,-2.55082908257693,-0.35973995411885,0.341386504662075,-1.78655384060366,-0.53930501446327,-1.4764636416218,-0.0557339398936136,-0.731324606948609,-0.37043260141044,9.75581016379517
1.96200742545911,0.248682320925464,1.35085567341503,0.262976531660047,0.491300380274413,0.137451779863093,-0.2623136002047,0.501987286758522,0.223098020951566,0.41341197407209,0.386382653848061,0.456502335167796,0.490181517490741,0.50997691724033,-0.152500070150312,18.3816619958199
-0.382209927819453,0.597651400111582,0.148329270475291,1.21736740919444,0.426848442986604,0.793660379705244,1.75743719756766,0.168376928328389,0.160711876486096,0.309290311178612,0.837764221546589,-0.250560368618691,0.754899166549883,-0.726359307977147,-0.345980830902491,3.70234365304318
-0.881740593480382,1.56976246982159,-0.251615765681764,-2.45440999219746,0.476317085210023,-0.539211489159054,-0.20848289467044,1.02616044679602,-1.17258586965049,-1.7600109834448,-0.679230653192955,-0.629056731358405,-1.24476687416918,-0.344777445358896,-0.326678565908987,3.1352880539213
-0.212530893098029,0.353872029981702,-0.0545141988591509,1.38290658822096,1.02176274270704,0.88088865509397,1.19446861828727,-0.443376048228495,0.234640825827943,0.10508759024175,-2.91425598981694,0.196742323765706,-0.0264836282888286,-1.87197090552305,-0.343062543385663,7.6041212995269
1.27224326437947,1.20310582569138,0.514451764457364,-1.14933651713952,1.02908549841785,0.623423011941936,1.43838853846602,0.72005098370866,2.36549154983279,1.17049484480215,0.523223185737033,0.0622598563293322,-2.26949786449741,-1.17324568994767,-2.07117988258047,10.5023030118202
-0.0395312348814132,-1.90834410180912,-0.289654094024232,-0.168026996336509,0.64287096801692,1.01451519051182,-0.293773521572939,-1.34912355930568,-1.38665406406685,-0.323727879537977,-1.22032068994398,-0.812465183682045,-0.2093166166215,0.354873802936047,0.993334501607768,2.49342477982708
-0.350540182812081,-2.16107933372618,-1.01914709238896,-0.588172481428773,-0.319309186747924,-0.224174436143793,0.0406605734100029,-0.495389727257081,0.657776699114113,1.95877593754917,-2.01733879812241,-0.857738880787,-0.902688593822073,-0.86884607831843,2.86113656763368,7.29850945332535
0.723619255806626,0.323227532131536,0.160871265945842,0.742533499704727,-1.64997411131602,-1.50776533961962,-1.0982116110096,-0.214011008706143,-0.56930894895739,0.395413538013898,-2.83232592498414,-1.5739142119944,0.339177579135484,1.06377398378558,0.298271104600988,-3.00172000967814
0.00780849834004281,0.218508005171573,0.134750202321189,-1.56900108707934,0.287702248182751,0.486121075167571,0.437117812276936,0.802044565888909,0.30269131568057,0.393309993835692,0.813980860197741,0.305564384357051,-1.65638052714103,-0.953889088413312,-1.13575084785829,0.630836022396555
1.38135703452638,0.734765037606383,-0.561000332216487,0.75276616324181,-0.0440132949719558,-0.644538904759769,1.92872952056317,0.208959432253047,0.829485918997473,-0.332886127926328,0.128617450404967,-1.25380482710001,-0.512317310459095,0.453254501285771,-1.03453863084829,1.71252536493561
-0.74706976998711,-2.23671637963709,-1.57744364098694,1.81369369512365,0.228175427110499,0.578861723848068,-0.729580718131544,0.0422697767629355,1.03357212204053,0.412614457298251,-0.225656380712252,0.00397495651718248,0.966544250520612,-0.761875628971759,0.613174001891568,4.75447186437615
-0.289989210556306,-0.0337546485536773,-0.176538363079107,-1.46147264857214,-1.33844513351147,-1.19058997363779,-0.641511457889982,-0.680779804716977,-1.64401179377697,-0.116726483926647,1.38902436296276,0.592477984120716,-0.67633315144425,0.385469775033526,0.385469475848243,-6.76515232038998
-0.444029700417319,-0.841836514734491,-0.661138856882796,0.0720737216707484,-0.595713243139158,-0.877749084538427,-1.18473758284614,-0.461050847458877,0.222938605143057,1.35611883506493,0.637324683023073,0.208055031824054,-1.90493577741789,-1.53478732909514,-0.284290110553338,-1.88283418933266
-1.45884123385768,1.27150041527778,-1.22684503390283,-1.10103666223624,1.13974481840504,2.62364793590743,1.51630494623491,1.07930563858752,-0.340644173154313,-2.04909328517925,1.61630004272192,-0.723131298017258,0.257533153128985,-0.453182975629558,0.753404370879185,-3.88105338461516
-0.0327622490039845,0.985049319087768,1.08373616919631,0.514723289312409,-0.315078654007503,-0.873200329656091,0.225229137162892,-0.0309097376081098,0.484898106270502,-0.6300053835181,-1.392735472167,0.908812411349969,-0.586528993092636,-0.846213285287735,-2.06388504675449,-0.284693933374915
-0.170959992598399,-0.577369917149413,-0.739023660151709,0.0974643590697189,0.568545896538436,1.37137935727707,0.241606979106626,-0.404633859396307,0.0543698000313393,-0.156973158072216,-0.0345506239539635,-0.407971478101253,-0.185885436072897,0.88323257530898,0.754062127231124,2.39265373591965
0.483464975609953,-0.206648159593255,0.379195627366841,-0.639952872051571,0.232595035216341,-0.0866606316296811,0.165716211606065,-0.357090434264106,-0.198622947513932,-0.69188598559488,-1.61671337494801,-1.33416075900499,-0.729869586462592,0.462262464454204,0.237761164594893,0.0339728369089265
-0.488675537870645,-0.881455437128597,-0.308121071657658,0.41749614485853,0.44744469406973,0.144687701256949,-1.08498473134323,-0.962961229377724,-0.646843651621728,-0.306288549248526,-0.229382331855467,-0.283727504453278,1.97439674448003,-1.23257605461548,-0.995947990783232,1.4679207377905
-1.71278844688731,0.170829225576819,-1.2620304700458,1.37973688717162,0.621087143528406,0.920078907855501,1.30023230631883,-0.39221225921617,0.449420185555707,-0.207804846791145,-0.248615853766677,0.586797377984726,-1.55807273585351,-0.203180736620881,-1.43332392838068,4.97692529194864
-1.06666235684647,0.789786605602678,1.19485627010699,-0.317097388556906,-0.892029605245183,-0.685739261576591,-0.337149648623059,0.528752157166402,-0.985773416718335,-1.3577083326272,0.626613637263071,-0.674414314410127,2.83349561189427,-0.772317842722835,0.121327282745627,-9.89609504248587
-0.53440304083362,-1.23118571136224,-1.31610122750417,0.616943587190151,0.47031381201534,-0.13181239435452,0.479316878126845,-0.0137484366874596,1.86669033876405,-0.344062666953728,0.0455638811418983,0.878182414970305,-0.390636530751352,0.950257193868543,1.40723813676776,3.15976471333916
-1.19920420724387,0.503034178294559,0.271744748840167,-1.53395613863765,-0.384352453230862,-0.330471794475839,0.172595706347248,0.483245882830294,-0.00503001618216742,0.0880144797207875,0.623407138279916,-0.770326065217651,0.183446576218135,1.27152414765394,-0.228093231997034,1.27301999703278
0.331318836374902,-0.581313005129919,0.291474916477205,-1.00482209031781,-0.608154773807589,-1.04136570610099,-0.213924323306489,-0.192903598767618,-0.320930834442244,-0.829635870216153,0.703440133138894,-0.634213193685527,-0.574796417604484,-1.44164514651081,-0.85268501623284,3.29449301557129
0.706995983617329,-0.928841247060527,-0.477090744262202,0.593621534924739,-0.202246306244152,-0.00894045645993313,-0.220318471589674,-1.02873212050434,-0.74833062039261,-1.43887144136696,2.15492867738314,-1.04607901585325,-0.616633559855454,0.826702974381481,0.191288260136253,10.7520289747319
1.67974079765721,0.101885874282457,1.92437857678309,2.04997179889912,-0.305015776169663,0.0556560096796113,-0.306507230363063,-0.418767307778305,-0.266940100577287,-0.642896641621501,-0.315296655286124,0.683709536908029,-0.784829903432633,-0.823296069257709,1.82087181012347,10.484788259944
0.850308554435132,-0.748650759848221,-0.459378150028018,0.407986692635212,-0.478073520344045,-0.93077635727962,-0.906081079852908,-0.427192119405378,-0.348381685814153,0.331638511357964,-0.941022700666379,-0.0532425700892025,0.601257962043636,-0.252916772719319,0.431299813063716,6.92101309668486
0.552080036820243,-0.527127239459628,0.1062866898627,-0.235792913306325,1.32132036014214,1.0757509823752,1.96779689767992,-1.06562534852157,0.639191047955414,-0.280437860513377,0.246083615316409,-0.979761947743974,-1.41079969362706,0.032254229060957,0.539401988209408,18.7533943865933
-0.171895330818754,-0.75461886827227,-0.367625603232507,-0.0230423693064961,-0.709753274311938,-0.391747615474475,-0.0328060587959168,-1.09735353298662,0.219668435510656,-0.23602963799111,-0.802280027139544,-0.396210342281104,0.364108544242669,1.81660616355547,1.22279863597056,-0.118300282254445
-2.66859292976111,1.62221839867634,-0.445957920895198,-1.82603909855943,-0.389650834619867,-0.401005678967848,-0.329737905948592,0.937019203340358,-4.28200024825052,-3.73880687275363,1.48196076843654,-3.07115098789903,-2.18449273505181,-1.00384972703089,0.472557399383822,-12.5610336162187
0.660768896328006,-0.0228342858121868,0.484682059415031,0.596561163720602,-0.422593625993503,-0.296349610990327,-0.41212940992221,0.0798052846846366,1.32237350618417,-1.22293017642663,-0.283218038945233,0.777972363466643,0.273528771141764,0.834749722643302,-0.780969707160154,8.8986802061877
-0.356641530088052,-0.914772204173427,0.232341155098909,0.900402125305717,1.26189295914182,1.15459537406754,0.904209259357473,-0.715645033909879,-0.00762878218332896,0.304149343395038,-0.56557636787399,-0.170746639498307,0.849142605932191,-1.17150440816962,-1.74456495189804,4.65235837346969
1.96962248839822,-0.345981074387696,0.514418047841952,0.286882300912506,0.247631527646438,0.499723516481022,0.900208883672041,0.370678626776595,1.06527210052461,0.795488849328929,-0.471315721151118,-2.4062381510099,-1.27451910730737,-1.24059358484073,-0.921653119778262,16.0691549229071
0.11441016482177,-0.13713225544364,0.622256346981886,-0.527750437193838,0.85277527499603,1.30604763498472,1.4310946336837,0.165050321882552,-0.404151023200822,-0.264908399856495,0.718417423471641,-1.45668144132408,0.678742601718744,0.028463448419155,-1.10472630509767,8.75234225428271
1.03347306423539,-0.257493852048208,-0.904954627234526,0.356342432352132,-1.56718054086902,-0.746116839718407,-0.320829911158723,0.074679268121144,0.1875481439454,0.637514362781726,-0.157746983231485,-0.421594062557603,0.0513854106243215,0.0217294909897228,0.659308119511327,-1.53466748414176
0.380570075847912,1.06820162301606,0.844367340799219,-0.447133266952169,0.067887186911213,0.196824687669573,-0.259943580438584,0.18195618130244,0.1964581807477,-0.810566082319664,-0.641666820130382,-1.31417075910484,1.59842645535784,-2.83231831846925,0.798348051349108,5.37542719430252
-0.999505301603824,0.946751215413738,0.277819343543753,-0.416736025911682,1.01985804398817,1.1570927175266,0.662826056212507,0.573450766682452,-2.20803712852706,-0.0957463287822516,1.66535191762353,0.793349323686058,-0.85520638231109,1.1595962893755,0.175572061715488,-2.56435564583118
1.32124911701461,-0.837757194909289,-0.181086628464318,2.44256863352102,0.253974212606757,0.121511005091002,0.221151542790768,-0.0280605266556304,0.804423762706737,-0.498123248699036,-0.85616984066175,0.418572885991154,2.81598590372273,-2.13911412443085,-1.26869197684317,14.1283245984037
1.00795770032087,-0.0195904707444236,-0.0256560494185584,-0.0214457909399644,1.01855626107387,1.58382908781056,1.45337409770081,-0.186662394774502,0.470474366681466,-0.668563568879038,0.0355660740329935,0.359535943517869,-2.39078215432524,-0.145937436113302,1.7865970239267,13.7800658695498
1.01871052397908,0.0912584115059619,-0.298824311726391,-0.121030567908308,-0.509640851108367,-0.804821405143864,-0.646689032628952,-0.820740471827037,-0.495611400837551,-0.231486224293178,0.65230615161023,-2.60434693521471,-0.329503800636126,1.32761545160531,-0.416210213839589,4.00417460348934
-0.825030027603926,-2.127291853695,-1.59535355694432,-0.920358042073581,1.11962915725887,1.70734956533649,0.88557078591336,-0.603831850675449,1.32174941081794,2.01825289306938,-1.63133511041707,-0.525458414206894,-1.69856971062293,2.20918396668868,0.603481010301537,8.3127199842441
1.43405464212166,-1.5831362918535,0.0507795911707938,1.16503026478077,2.23896279401789,2.22101920517258,2.82774264097339,-1.78974452532207,-1.88220827237087,-1.27130337454095,0.480260501405925,-0.697616450609056,1.85105417684977,-0.36304986368858,0.0493248366995592,6.68616233638561
-1.42062900116214,1.07904249642748,0.173435388664045,-0.601779492055787,-0.372879483848008,-0.388513831283058,0.0698426570876899,0.998053809804889,-1.85546575493045,-2.66982953375024,-1.05510767548045,-0.954054454104588,-0.261700993815837,-1.43294908361709,0.208663483249915,-0.722856897366173
0.360667717140267,1.53330568067997,1.79628658935244,-0.473315910181345,0.0786560968052233,-0.408801527621423,-0.995266981739007,1.75635737022013,1.2143292357349,0.43159750433802,0.822782780834003,-0.415175281163712,-0.171685077369283,1.29054822576796,0.568184003340398,3.77785384350646
2.10625310274995,0.0775885463548775,2.05206924613741,1.97844072001601,1.23099107196287,1.55428063568837,2.266650157781,-0.62562693811259,-0.411398216539843,0.179909630575031,-0.962651011918976,-1.12623820708606,0.443238098085213,0.865156550120262,-0.696020161600952,15.8273422765351
-1.4984233693893,1.14193285483615,-0.700999825803088,1.12244210697443,1.8724075934812,1.53308052848193,2.28169137124868,0.211411504206612,-0.216731922899621,-0.98797507004247,0.692769031848861,0.215220732950218,-0.00480518632728754,-0.488992289578475,1.30540242626517,-0.382679349507997
-0.595799617641197,0.774223213025193,-0.340811700190965,-0.770312884619537,-0.323488272460107,-0.436974753885058,-0.442282128804593,0.611860874515859,0.836853733717748,0.454112898275598,1.10583306629471,0.766551354337772,-0.593761556401335,-0.615737458209206,-1.57950541708727,2.49911838663512
-0.196925967057634,2.93222598191936,0.28128022710211,-1.83664454183432,-0.36405953619783,0.211060405929017,-0.372428099670235,-0.554449858135399,0.704486919094757,1.4964198636108,0.861436525632805,0.680383738423672,-1.25664725062905,-0.717392163659432,-1.03855630603588,-2.46345572157622
-0.83455244928093,0.783689681447873,-0.337777467793602,0.856470993602062,0.0699394879785195,0.11239526538558,0.0506500538090371,0.646813145277796,-1.29843756010357,-0.844935229725753,0.251316648238102,-0.137911251711481,0.168513402333429,-0.344586535734633,1.29242937433708,-1.64586744374179
-1.49669518572009,-0.0856517174074054,-0.402654115373512,-1.14982885507984,-1.2700294165129,-0.996788674035518,-1.86147235318803,0.111007428929773,1.152151128198,0.675310759901995,-0.231300942929699,1.9992396963335,0.378833632689478,0.316068142401631,0.590004761104471,-2.77839017727618
0.486163660709407,-1.48607225026928,0.628271302772385,0.811194491604577,-0.840820107350613,-1.10086775689375,-0.900633058985749,-1.07034012351732,1.08291549928677,-0.873099292092928,-0.576419576334844,1.13997511450051,0.695377236401729,-0.566014582736772,2.54039109768143,10.4310009474681
-0.786808731925411,-1.50949600600214,-2.02057007946665,-2.28879493182967,-1.01476489735558,-1.3598370980434,-2.29557089351758,-1.09375260116638,3.91297360606971,2.23484720055872,1.4710346908171,-0.101558203672552,1.91272685030652,-0.43958027556224,0.0683504436531303,4.45694371593259
0.00244224954822853,0.159182859977623,0.0100623572362617,1.03467506748986,-0.523083788620403,-0.385677341809027,-0.241924177802367,0.499737010190712,-0.690086985411489,0.235955628046967,-0.699495220167643,-0.482272210201516,-2.17376890441399,0.641279019410576,1.70042929645909,-1.83510445697022
-1.2163126752049,-0.896161695844776,-0.87003829282936,-1.48699919955092,0.184608959375396,0.315733829625137,-0.971580820851897,-0.517653319137458,0.865424614000379,1.02653400230734,-1.03706607357,1.33802716278192,-0.0677171973527046,-1.48241414105887,-1.8574787826634,4.1168612627928
1.832165761414,-1.90066462977771,0.529155854463218,1.19574444057179,0.109079275037278,0.823283002836914,1.13626662959392,-0.882260457847918,-3.66186904940155,-2.65630040759404,0.66536893503283,1.00758068276273,1.19173783582143,-0.375935719913579,-1.41351497319719,3.93827118060245
-1.07799951039773,-0.492492852271612,-1.21434324105174,-0.220702919864437,1.28665105389432,1.30890824242639,1.35242843643421,-0.738103497463691,0.893634749783742,-0.656328050578725,-0.796136803186495,-1.41042720382423,-0.124522424438865,-1.6759410190991,0.895525537416974,3.3703828467649
-0.389451461204783,-1.24135825551297,-0.37141948449071,-1.05055787425835,-1.03895016821792,-1.09017350288293,-1.1253542298975,-0.73466192177304,-0.0354152188234673,0.700601435217927,-0.950063497466127,1.08582131922875,-2.33817245369327,0.108412473352901,-1.74036782561449,9.42630671938095
0.978532847077035,1.33616658435948,0.878663376208278,-0.16298114771588,0.824314685597055,0.32852873346641,0.60768205482588,0.94374644370134,2.71893082465022,-0.0718634384628702,-1.44360426216977,-0.154373534723929,-1.29103957484992,-1.93940540814187,-0.197367607009489,18.654356850748
-1.52136765289305,0.0199610929649557,-0.39453404960756,0.317059162026514,-0.22669375914858,-0.370977286649858,-0.386812168578755,0.954904859235419,-1.62740939579159,-1.30732426134836,-0.482909839460518,-0.860911530593358,0.328569849677319,0.89001012682643,1.16720908364716,-5.84072138534199
0.259072586447917,-0.0162271128318083,0.46105745303805,0.174132433496473,0.198023917284395,0.349164494579346,0.801655097436389,-0.206745366903231,-1.18424158304958,0.657013850021479,-0.0827150238964932,-1.97920585924066,0.292197294883341,-1.31463739579201,0.501171264488668,3.41484276663569
0.906935105806967,2.01161961789095,1.38011667001203,0.976555806757213,0.583359161149246,0.488221340475325,-0.817865701754444,0.922848188214435,1.60461363940108,2.06882667300397,0.243091727660699,-0.268916194697801,0.672519698341021,-1.77257856536145,0.0110952203195794,13.8634029265145
-1.78789352774659,0.575746072011979,-1.19537415199363,1.49419561414712,-1.13128669782461,-0.866530103481969,-0.356542789909386,-0.318691972187522,-1.50720969728192,1.23947159392295,0.951306244299483,-0.0122275852199253,-0.781008943548184,-0.363613295901618,-0.449107468829315,-11.5571586776812
0.280568438775065,-0.998413078304145,-0.299499247767422,-1.50885145415136,0.39401429314573,0.306208503784926,0.585223834845076,-0.77268284282402,0.366747392770966,0.55855418142309,0.526897923665794,1.58732765411022,0.259883234919298,1.71110729167705,0.202225874591965,2.13441304001936
-0.218015325811077,1.34246045916112,0.712161531933716,1.69517741324315,0.336138384654113,0.29607501950168,-0.557760780501273,0.674463548049258,-1.04972439119153,-0.0618951306400132,-0.19087221955318,0.957233807748686,-0.945863307896325,0.711192453421576,0.57724837237553,5.19365802570493
0.91396529316543,0.679542320507166,0.462651122610973,0.338902799056406,0.0430733972112281,0.0333747080818821,-0.152736171821394,0.0675822413814692,0.441252504811387,0.440451563879183,-0.19819567637972,-0.582886721376035,0.259957993643691,-1.92231410545397,-0.660894336986183,7.36403318559823
-1.24284205055609,-1.33676178608294,-1.31234652585769,-1.26986926158655,0.167828584954759,0.323252423761379,1.29500446023274,-0.757542447307208,-0.171445905949671,1.24986287616856,0.510157468915183,0.389342394219737,0.0532121971035397,-1.34312526764454,0.371736028012047,0.0319821964041867
-1.15470962675913,-0.0998011081377684,0.090778863218821,-1.72645060966427,2.49755687836679,1.2588457515506,1.88799601194526,-0.104095557108197,0.0271255030255703,-0.856189768141069,1.27257016292857,0.826249422672824,-0.820860020162904,-0.395600373245707,1.07843074419871,5.96582078000528
0.589115805836296,-0.64579416986935,0.299469306780979,-0.0325379210919642,-0.397724192965944,-0.71249844751611,-1.32975029060889,-0.454790160016676,0.6933431470088,-1.11530080359342,0.1263141994832,0.0859573880172155,1.55818363076269,2.23835316177086,-0.222478133299858,7.97747640516718
0.706226802225339,-1.01471976379904,-0.552217279263319,1.01074551389442,-0.629377444503059,-1.18318625248787,0.15139177041702,-1.15483085269252,-0.158216802242324,-0.803202961133283,-0.469130854210409,-0.587154159031204,-1.70563595016239,-0.938954147968868,0.0681228501406517,6.23704096884182
0.288060201140249,0.896131324587656,0.938939371926624,-0.0524012652737713,-0.998451067633139,-0.140742719806038,-0.420008800653216,0.962550036917478,-0.372444669667899,-1.1933534981916,-0.992866001085546,-0.532172456243446,-0.141620983010527,-0.930885243703195,0.483778834002778,6.80398233448457
0.2176265471594,1.84831451541704,0.771343888032632,1.61508939309644,-0.431534829967027,-0.24451417805445,-1.11823246508209,1.16353290458955,0.639671534017249,0.694759404050757,-1.44520526441223,0.385473070456952,-0.84290556432431,1.52742938688018,0.551334216089744,1.3747136596982
-0.643335470668806,-1.66196234984611,-0.263567079922766,-1.65518310652511,-0.764459605071644,-0.450718734520085,-0.507412142063746,-0.807295730558944,0.96367233542618,0.776710233737938,0.666269672043523,0.412980565525047,1.83420203585627,0.194907205262376,0.87845357299844,7.00255000773099
0.39524310587192,0.314905130478613,0.586325228291687,0.0575871613022465,0.95108319928948,1.7974190219713,0.573564920923385,0.203438080500979,0.461592928699677,-1.04027404430881,0.577978523639557,-0.292954615763545,0.598398007620419,1.05300002729874,-1.01437495598195,7.87269921195095
0.307730494396393,-0.718586236692285,-0.148794830072059,-1.16447170242351,1.29563517004721,1.04093763965992,2.08099708704342,-0.545952426720457,-1.14748628126252,0.0922635787281905,0.577363525106662,-2.61915220505334,-0.64931037537039,-0.727099540175965,-0.52892250238531,6.89296211041174
-0.702173910665203,-0.376915731719843,-0.354830848835533,0.149326457217058,-0.607651365280646,0.128198985416747,0.0660762851744038,-0.322431460394172,0.762775800342081,0.849089629932621,-0.128659446352056,-1.29052272729129,-0.279715289320373,-0.101635847729053,-0.491878692049654,6.78786741285788
1.65517700480273,-0.318318536368894,-0.0600185542497933,1.44661974344073,-0.953304506011871,-0.459478947400075,-0.513151853811063,-0.55547724906589,-2.99834762652384,-0.946349349196478,1.40693474589175,0.619688921612112,1.86125737398053,1.31563186218824,-0.903912165162677,4.66183312555778
0.274962645646503,-1.10494445488392,-0.737357036670737,-0.278611917407517,0.0303023449665902,0.376793441498826,0.688412193134614,-1.59503131221412,-0.850306456692878,-0.63623499268449,-0.484118494584818,-2.13083799735588,-0.946275631730031,-0.1448408767358,-1.79841392135781,4.21955193800606
-1.61208507874256,0.496328198632684,-1.41172845098309,-2.96160490578793,-0.372809804903545,-0.0979749854077936,0.504489830639453,0.112698440306026,-0.399595674776719,0.35620552116566,0.955269237207206,1.18418101636721,-1.76444817223056,1.12305319752646,-3.25447894129771,-9.96202010399423
1.18142663158991,-0.912287196723808,0.147317975474107,0.395914229386643,0.887906826011255,0.190414412790857,0.632743614188446,0.146440167283471,-0.102234519274501,-0.069409045190684,-0.038742894989543,1.0361572611385,0.291006862463814,0.38726730043453,1.19545271175298,11.119915369915
-1.34784064084471,0.264046637475308,0.562882727866598,0.144334050665313,0.333227419119201,-0.12688264375977,-0.506201454401181,0.123155976729979,-0.247767713801665,-0.0484268118716911,-0.608350764679338,0.0410963819332057,0.31364036740782,-1.03962907841892,-1.55389300444754,0.133108805470803
0.57921304440368,-0.274401613193484,1.7909356061814,0.640420136084433,-1.7432812490822,-1.75918000429311,-1.24605976729785,-0.341447818868075,-1.02343578016794,-0.616770217772876,0.592530307317761,0.597931034228608,0.66603457338986,-0.0163172123460228,1.56650912670591,6.75938295460739
0.943073399336645,-0.966220124948292,0.982408789522333,1.58336086552438,1.50720689454056,1.33591411810446,2.79913343105233,-0.0873412691831175,-0.966339338783787,-0.0832236148540499,0.409636118683994,0.528774678358886,0.672625760871953,0.981383992275033,0.739409488616463,13.1351296353598
-0.552205005268378,-0.642350043133283,-0.554928170860991,-1.31725837515456,1.79457341004963,1.37325461599142,1.18702197718401,-0.663054821771962,0.883897456899252,1.5816579057939,0.356972759266926,-0.116873128366213,1.7707056507338,0.669416191186885,-0.405688379806253,5.64350515301897
0.874891225756714,-0.355718161440603,-0.733317495172383,0.969228944223746,-0.493029812572004,-0.123555463646256,-0.829666350500778,-0.0682263575466727,-0.610994871207207,-0.973288072930229,0.0812784220561988,-1.37388911758857,-1.71813749037604,-0.0402528984208282,0.616422104814734,2.6375530290349
0.787103548738618,0.670992958690292,0.224220766651788,1.31634179055892,-0.254033462192368,-0.491243320083917,-0.137833937075113,0.182426272478153,-0.0935757863489692,1.78036862778876,-0.0378930817168309,0.967272975061686,-1.20280319464533,-1.8917143889715,0.425133246713722,6.13319353209327
0.62001297272133,0.521014402791842,0.220932719901503,-1.53196953600817,0.139030630969206,0.426867378067657,0.253522481321462,0.772782345732175,0.0752004107441029,0.0438424096127193,2.38837199287044,1.40723001138364,0.662203333946187,-1.79599148140972,-1.10177436293977,10.2982756188737
1.98049123132109,-0.822773479487321,0.374545132722278,0.888689720715161,0.350855901269737,0.106316243421553,-0.254925358239364,-0.592964281710648,-1.36690233047895,-1.83153501915236,1.18425664519617,-1.20859052424234,-1.10562550171444,-1.58330558962712,-0.0149777736296307,6.44605770505231
-0.495992231980798,-0.369431451636737,-0.208386238580906,-0.577796265808533,0.750000353595879,-0.0696970475465765,1.33165898641111,0.0423104207872512,-0.38675976829595,-0.495114884491935,0.722826894985512,-1.4112550051697,-1.45658797325936,-0.510442206766551,-0.979838772541492,2.06233209189614
-0.110191426025473,0.592671320167901,-0.434941195884055,-0.307643522408893,2.3013690031957,2.11822748212292,3.40222897197671,0.818127973823128,-0.628011519138211,-0.410058063173678,0.111799158203388,-0.136796904757341,1.86584455228527,-0.377117873693448,0.654128002171092,5.44106035698604
-1.24579395533438,-1.43112587723482,-2.38905065644934,0.0808221546506794,-0.0360459195291048,-0.94184921766196,-0.059268352079705,-0.583359082765808,3.00391569810689,0.265404901605821,1.00715720059667,-0.62622459563645,-1.61994213166429,-1.47541140109402,-0.715220951799388,1.61568847037229
-0.72286407189733,0.16707336542916,0.176604059643231,-0.731971649603184,-0.64048590706335,-0.825750862972641,-1.34073821838005,0.865941301891843,-1.4398566792031,-0.825508092556055,0.517994776391452,0.144949240205459,-0.351272037110646,1.02251279369602,-0.0966295361966724,-0.537048832597915
0.113031354865525,-0.574556379295858,-0.954956344670685,-0.698838591985843,-1.36255390242866,-1.92664524354765,-2.30869554304661,-1.07239521322827,-1.24520048758914,-0.713395415730873,0.0262047527740357,1.20799403986039,-0.0593674512314044,-1.26376907722054,-0.13979891901075,-6.56164502028806
0.465291704052093,0.163624127206138,0.57647877079394,0.136498009933018,-0.448838210901218,0.0639803597504042,-0.576144451209211,0.868199246375274,0.743173627977329,0.289397706142908,-0.303564325265915,-2.2456704382725,1.30913664196328,-1.37055904206701,0.121579000539382,2.52977441133499
0.221104501666707,-0.623330161812459,1.10516041883099,-1.0042386990638,0.0488255863181024,0.331418115996092,0.629199433115958,-0.717155578074551,-0.686236929025577,0.48492637673653,-0.0809173376626882,1.58127195161915,-1.86880305828247,0.0882357538859487,1.66255508111402,6.78987357839181
0.788237039115996,-1.81557454535376,-0.777273645796047,-0.837670154174378,1.62234028148307,1.83685938002638,2.07965851141502,-0.94357716682012,-1.71573450957448,-1.04076390917445,-3.17042573587806,-0.40666844187692,0.415475151506249,0.973905119993229,-0.240960582855918,7.59777487544797
0.0261453334716399,-2.11208198265482,-2.16138835367432,0.683273850519875,-0.236937305011133,-0.0121286279743039,-0.519053603587484,-0.969111575040298,-0.567970595495842,-1.68132268340529,0.210600839297642,0.511778978650494,-0.890377058260078,2.05485461981317,1.21792714197452,7.68620786215055
1.40943347666877,0.397506752998533,0.719751891830876,-0.712733812011461,0.363368606146704,-0.114738439347396,-0.129775039434685,-0.0120307767476566,-0.111966989966648,1.49934186562013,-0.48847608011036,0.618725838104466,0.627611212592451,0.582545054503177,0.479996994335038,14.8350708206915
0.0245069018005168,0.0393450286820671,0.605670681744962,0.586915450937825,-0.105031700298449,0.200968855395285,-0.671721075703606,0.733495369284832,1.05023934364119,0.137958623608361,1.59266999828288,0.735341154197796,-0.906807726026859,1.57982971872362,1.41840254603658,4.69057499666636
3.38332606706702,-1.14739235620872,2.44538332244436,1.27864204283084,1.09249467996824,1.26831744693557,1.68924406924301,-0.819490044475761,-1.89840427941071,-3.0034435987885,0.0193440708117543,0.0619081040299968,1.57230625618578,-1.21205665172656,-0.338435784814819,13.7813174986332
0.458419812262656,0.698763217946657,-0.106892364501497,-1.5381065244611,2.58624753490177,2.63254045840709,3.07519539870497,0.14824741596476,1.00310290830686,0.509535993279632,-1.18896341953496,0.295560601786746,-0.900970018426255,2.159739260661,0.696136241969568,10.7848488280519
-1.26809845029001,-1.31692885744035,-0.880883024815441,-0.93471191926054,-0.438231813866804,-0.0219273728776135,-1.45830664493476,-1.15329936627461,0.43282553745624,1.54751735226298,-0.0498801541281177,0.289022050605403,-2.46197970588992,-1.86148445055549,-0.0592680226003411,-1.98779586349827
-1.09737711256649,-0.370826344340836,-0.948153692363626,0.872841653629039,-0.449980989391981,-0.196442601406301,0.464463944390188,0.00544616759029444,-0.735043254942208,-0.396029741221294,-1.0461210850625,-0.630282800779447,-0.788849249741301,-0.503839253887681,-2.98939302116321,-6.61557451107817
1.25638521653948,-1.19251224480807,-0.258492043341553,-0.836423806566726,1.10642261175765,1.15965034219908,1.38860360960547,-0.444288342917001,-2.57163697243782,-0.445740243658563,0.473407415712466,-1.7580551914372,-0.261300110568895,0.560652519578775,-1.08984358502048,5.52688920152506
-0.46456515571677,-0.523191157702987,1.19179389389385,-0.531443097907143,1.02188296454159,0.019936515134993,1.52164827671379,-0.365409206479179,-0.420905462532496,-0.279569489108783,0.290947364339485,-1.21918582776519,1.08235387316231,-1.60521701569594,0.582376945952752,4.87872418614599
1.20573553572531,0.255330353495357,-0.454422432055271,0.676261041479524,2.06101595618301,1.46268880762425,1.04143067664496,-0.292833186100282,0.703534905209189,-0.249210720143788,0.957839631108268,-0.104237979498035,-1.25841483056492,-0.927050091925334,0.516264916279999,7.57948466861455
0.976547868796477,-0.807480898700785,0.09202102552729,0.925361796654659,0.622055303578969,0.534844611887674,-0.235566307923299,0.235963773531275,-0.0453174161144478,-0.887575372166866,-0.790881791694565,-0.786806656896385,-1.23864612711408,-1.08592252928963,-1.29497738863492,9.38008176383303
-0.238905385169271,-0.494663895954822,0.0830963377732061,-0.273387559841558,-0.171029974633563,-0.321943141076399,-0.448673676647438,-0.269237054364531,-0.127052521924057,-0.974863140675327,0.0340080962281468,-0.784496072389535,0.960577903708984,-0.310221007249735,0.220367548838004,-1.53926531678155
-0.676098794312822,0.758015743019825,0.545912687808342,-0.851548310112163,0.384150049986801,0.13857334082274,0.892325486829426,1.35501061605849,-0.867732627982833,-0.750036900229428,-1.36502179542664,1.7992510456862,-1.37522511796221,1.42158285667267,0.503260226525505,3.28799438928879
-1.0263282377473,-0.551048704609236,-1.08087519053824,0.967915694292748,1.18828899057227,2.07337425081428,2.18652007433909,-0.606107232270098,0.391683167688198,1.28361265305242,0.701494781924715,0.858894796659873,-0.178983441391691,0.0168250662878107,-0.0346655697376067,5.91366527863903
-0.560253274363267,0.51405040846946,0.251198197288306,1.60494517817747,1.18234345114399,1.42703980329879,1.24412952948644,0.955104562197028,-0.229817805680306,-0.0127305061080939,0.518871180440122,-0.252075965909974,-0.158651183469012,-0.463063944234018,0.728818637659636,-0.790405984787878
0.795324686292764,-2.006111999706,-0.173032605722039,1.23577768907884,0.463664852028823,0.748121359264291,0.361665265020078,-0.568499675377814,-0.431364792631316,-0.393531911423082,0.495805021027571,0.672034945655442,0.217579536342962,-2.8843243671782,0.592555307928769,8.55697866636291
0.0395894699456109,0.660772119162583,0.5018540823913,0.149546265804085,0.897147903865337,1.09548943410265,0.450853164989619,0.992642259535708,-1.01769299108162,0.340465907116115,0.00161903135694112,-0.420268605590901,-0.7498482103826,0.466755204838579,-0.0351435794047076,3.40905837332488
-1.55016579791985,1.71274907298376,-0.376731184262479,-1.18198735525452,1.03887781272706,1.08441200248521,1.90729593407716,1.41460903580642,-1.58606455144175,-2.16872578167973,0.414772890788791,0.110723434186497,-0.926994386674563,0.790015408978179,-0.510824818864119,-5.76663771677911
-0.0216023376686201,-3.18052423078984,-0.511806110626576,-0.778490128801211,1.16423238356905,1.00139160702863,0.803335735587098,-0.272066547733371,0.224662726761241,0.159723022194806,1.6043391083086,0.441628648418916,0.334894441752292,-1.70001976781021,1.04254159209251,19.4479328108312
0.0181352997001598,-1.09981446688346,-0.309333875977069,0.638109319184409,0.491757505964102,0.679702094997188,1.62579102045304,-0.841224233055593,-0.597627794030585,-1.25731986964558,-0.285094257042014,-0.417605967771879,-0.895995853169786,-0.0669723597225217,0.463162097878821,7.31618645946361
-0.873632395723365,0.762818405482099,-0.0732253745071518,0.153240990028344,-0.24121970003486,-0.0640170642597541,-0.33774887008076,0.316874118302058,-0.0195590623485177,-1.14051945859166,0.138645183710085,-0.685250547537096,-1.35996919011917,0.193008190332047,-1.3814326525303,1.60675898032117
-0.0772668633720646,0.414203254870517,-0.00654077906086735,1.44771612473009,-0.134399717402406,-0.349990543759327,1.10106293000403,-0.0686100818628968,1.93904493764958,-0.706153223477481,-1.08612629918141,1.2239318184685,1.22779998785169,0.964601757303694,0.220897656081387,5.99609465885289
0.128344491983224,0.377383985673931,0.859013730879424,0.667912708069939,1.20963263329828,1.34017953340632,1.61386774054392,0.735934752341105,-0.0514360294453591,0.777643167042982,-0.868260961598332,0.614112967198107,0.488095381379182,-0.724768458245474,-1.15102470945773,9.92096436420424
-1.60973899169171,-0.822386069084561,-0.958212487537794,-1.84597139110901,-0.636480236229907,-0.879039290517136,-0.899132964652711,-0.657015377789217,0.965652063749592,1.35028908864392,0.0978132930933074,-2.25461087829272,1.76750239576534,-0.875360361084797,-0.964567932429175,-2.21473356017633
0.45705143001262,0.0317208551414479,-0.814511149725999,1.1592838258274,0.187122072843517,-0.394449714278055,0.0570354857772252,0.512550408957354,-0.485659227069926,0.372094397424544,1.10393354670191,-0.66813593003161,0.783967651216946,-0.456497298468362,-0.651910035385637,4.82519608279237
0.810843214850912,0.256785690352376,1.0313527220925,-0.829825269403943,-0.0894820275990069,-0.737492816639161,-0.597883538735009,0.425997517981097,0.0395744291057719,0.663049520932595,-0.256280824251572,-0.781272499694394,-1.2681436516315,1.28443705277738,0.044873235659702,7.64458899207155
0.48493055040384,0.973992807922447,0.573504190051518,-0.0590558989997685,0.130903240640336,-0.13669739043384,0.28573483835996,0.553354633736632,1.58695795112606,0.649269865950051,-0.235916529312124,-0.621138088812398,0.0963692400599957,1.04384544217267,0.374485577591286,8.50979662709326
1.16601902298917,0.0146632413061371,0.341789765352135,0.566340821862165,1.48456797973211,2.03352692554338,1.32474576033793,-0.0830833438370614,0.404498844940366,0.512125790653955,-0.406885244504375,0.862402288758895,-1.01562825471825,-0.0213453021724137,-0.408941889241272,9.54089494086423
-1.0093686702151,0.192779605420592,-1.04895733237027,1.58236667939684,0.0595321572494759,0.413720317833407,-0.16518777682132,0.275076010917209,-1.17889156987797,-0.55272694594999,-0.534756670844323,0.0192059680036915,-1.65160959671828,1.01977652718829,-0.365182616293735,-2.09998849452441
-1.30071734552248,-0.697875548600081,0.0972170455044297,2.82857104403082,0.217341593569472,-0.487756079483808,-0.0529422980344305,-0.27728496226214,0.530721772121738,0.979086004913362,0.294971455708822,-1.38962967085555,-0.447199393069983,-2.36869120685216,-0.503243655301681,-0.703591507788071
1.01680698325997,-0.450805129274055,-1.16742585769102,0.761233639298781,-1.57824292105898,-1.16544162521286,-1.31270992314843,-0.678339240157182,0.772402755194563,-0.331791364694321,-1.49725764517864,-0.383214836958616,0.981532875299121,0.791654206093526,1.04751363708763,7.322146201917
0.639491653722022,0.0548453497212473,2.01789741561547,-0.0290608334467252,0.924303066194522,0.127331970451875,-0.530986890621667,0.121686330612881,0.0918027153064033,-0.491702341740823,1.28093957666673,0.54173764761619,0.274912710787507,-1.11876616281385,-2.85294350359965,9.01772114429737
0.303544129578525,0.491375924313106,1.10044355417458,0.689019954372365,0.679852049099782,1.0785606026959,0.920385050014295,0.553929204988632,0.876552695640694,0.581797626283099,-0.665422298129461,-0.219645015533754,-1.39089413125877,1.76702449439586,-0.308677409674783,4.83524337253743
3.83600076735741,-0.496690531458149,2.27718845054222,2.04347487307025,2.27390496730242,1.97480486257831,1.57542198847538,-0.392880354565794,-1.787848545342,-1.00862174929929,0.721903485438141,-0.644675951163491,-0.482341575212737,-1.06424471193322,1.54498479538237,22.0342565586944
0.738388584449684,0.20223147622175,0.425507848804694,-0.149400472349242,-0.542897156077971,-0.345232710448669,-0.999777676876448,-0.288627333688255,0.69035988363623,-0.302411920353129,-1.26999859739388,0.331219278738528,-0.14286658534198,-0.852762165233645,0.517230050277387,4.71927229071214
1.15836725760432,1.60644355603644,1.68283214848113,2.1358810479665,0.040136359208618,0.749468986680815,-0.793256280602487,0.349039438854526,2.5522413232967,2.31400086659847,0.668840130546218,1.61819248943908,-1.68911245397084,0.562423730131178,1.26684724056712,17.0108006174432
1.11562856122711,1.13605763657584,1.2335243964962,0.516271288239363,0.368829327361432,-0.265481743722945,-0.826951815009979,0.877457392193978,0.165416992515265,0.0901460597471705,0.671944607814498,0.461424832958519,0.713172365248612,0.658954134781036,-2.03424885951092,8.80025227721698
0.375189173381988,-0.349374691271682,0.647554689486377,0.693160464483134,1.38778367891863,1.01860600571828,0.764184777896101,-1.17331681989513,0.010595826785266,-1.961011588819,0.384202072005897,1.3009415130317,-0.228735026258752,-0.446332078767185,-1.24224923146912,13.6827709687032
-0.264460997429522,1.14706994808676,0.62468670168344,0.571343478662358,-0.00265427396712747,-0.328735262925354,-0.520708106965246,1.33753323709667,-1.07289347030031,-0.238384063902484,-0.994428521799792,-0.577614217864903,-1.39059486093206,0.371404034423031,0.514048140686468,2.28003200061685
0.334854871421773,0.549856897331907,0.345899791840489,0.649277376762436,0.00559396447829008,0.694373066178066,1.45097700828628,-0.460105013083064,-0.752732840184021,0.116517101613576,0.249548189598077,-0.00836211112406073,-1.44717359374107,0.495379815328487,1.55063059325767,-3.54058133336264
-0.806193032942182,-1.94849866266815,-1.39734799497808,0.607092936108341,0.777531352249873,0.000158079525802157,0.292368704179417,0.404462065516472,1.70764384625778,1.75856079751382,-1.18305618473439,-0.0285519845356823,1.10066394492161,0.393114656058034,-1.14123621684473,8.23713531309325
-0.507990899179446,-1.23362362594596,-0.636089658603074,-0.688298768568926,-0.0598955397973437,-0.946253116087869,0.293259186917177,0.0773540216989606,0.446804586991222,-1.12595960680292,-0.252763255096185,0.118679084067691,-0.380813032145719,-0.404554917558396,-0.387761782706523,6.45571134513905
-0.706022530606034,-1.99869919988752,-1.15647986531941,-0.703910818294762,-0.335973627014624,-0.626897157914128,-0.206144782646731,-1.02791741880912,0.0755514784851429,0.662419602985601,1.02941310095533,0.440519606380916,1.19035202895641,0.50521102408569,0.401464141866995,1.5226059346031
0.452702091949454,-0.00697977128228222,0.588781148135509,-1.0755919911558,0.319216179627508,0.414786312862676,0.272729104627817,-0.386853940808334,0.709010175839443,-1.58162329602433,0.796701927070742,-0.918969121054778,1.57215547990272,1.40637040501649,-1.4524983970877,10.446026021891
2.64205160285179,0.052399502350881,1.75229652504844,1.13389880062228,0.934277386173857,1.5537364497553,1.02716567342418,0.416649943443022,0.443036653985668,1.00142303453327,0.0151829425404331,0.647332685513479,1.02244827285592,-1.22548847921883,0.521691259580983,19.4769904939392
-1.6845237563196,1.24495391878007,-2.2140173714435,0.21875694573459,-0.910109985994115,-1.21177984424522,-1.74369155757061,1.67569422254707,-3.62366294570132,-3.89059124825636,-0.974806575922842,-1.62788593895522,-0.533431746617491,-0.840060035541806,-2.67568464903624,-12.0191460782965
0.35856636097274,0.602696054136724,0.93606752964823,0.66365092326424,0.185058126813587,-0.031600968699525,1.0035262031144,-0.334076954179654,-0.851952115756389,1.10313976837996,0.645587712174193,-1.33575666250668,-2.49784711956728,0.0272556323605794,0.492239464464855,2.72228121186418
-1.70763840609809,-0.419543754470562,-0.938428017406072,1.19067767199064,-0.807889186177721,-0.238560521236874,0.384197171243558,-0.931901929420771,0.251913694839099,1.015455650775,0.0193812376980252,2.13562610117323,0.312996304534828,-1.05622404066803,-0.995084967887843,-6.15324822660708
-0.108002555795678,1.39139491404875,0.0373778591321972,-0.147175578565877,0.993335692109601,0.447149949046674,0.185451412451231,0.488716159693223,-0.703583523126906,-1.02183617019934,-2.32031559823042,-0.510120739478876,2.09157636977855,-1.80340373422726,-0.447597190516414,-0.771962213120621
1.13146567105934,-1.88712088929349,-0.464194837276066,0.995426834682722,-1.91571204311829,-1.67859521485698,-2.1376040593156,-0.568798239902338,-2.32861879478264,-3.20076658060718,0.782629826316518,0.729519350986202,-0.0353900781738251,1.09312297588196,0.651883947936968,3.5244087824522
0.760078881089971,0.101417989410941,0.807281466692312,-1.07241687041068,-0.48899183781165,-0.482752291301565,-0.726808052697792,0.432190044281735,-0.239036354514509,0.260404459764824,-0.0242328338696921,1.69829039242696,-1.98981551879915,-2.22878826602625,0.447252155492251,12.3159281887917
-0.959749426110995,1.1551701024075,0.230215088070918,-0.710423135853193,0.0642513207921098,0.556899363578535,-0.201510801881594,1.1246646919165,-2.23601573972065,-1.42182276322729,1.20245124798307,-2.31445607877848,-0.674878496430118,-0.402382697524335,-0.00798120435170447,-0.849841655681352
-0.657688974312959,-1.45822959262162,-1.48434332456208,0.480946644787787,1.5845928691226,1.36160135195799,1.86910336130786,-1.47563067330088,0.785795369256281,1.12937747557784,-1.0952705188428,1.12624618015571,-0.183733274766805,0.758944319758671,0.96904055163535,4.05150870836787
0.586862809673926,1.3995861457436,1.1094916389183,1.05298143542355,-0.118439904289438,-0.0519738563906513,-0.502713582516956,-0.0162627875488799,0.563359295350544,0.43931335953352,-3.176703813196,0.648943606259271,-1.0979885674198,0.266699789502072,-1.70017601261882,-1.15178047072585
-0.690304360282452,0.483916252682757,-0.885815456757288,-0.513076937179323,-0.419370971605559,-1.55053046805839,0.743834113990763,0.675274874973956,0.196336236351794,-1.49403737111599,0.279083858345185,1.64039728093304,-2.56395396797989,-0.387249365978952,0.204414371501414,-3.38275524827018
0.170717638667812,-0.669194910398063,-0.864010910684494,-0.00666167498347438,1.82074796954262,1.61785770450705,2.59548622604675,-0.734731897566505,-0.578632408341143,-1.65122024950053,0.291563676681973,-1.18152316166463,-0.097850770215125,-1.09743957653496,-0.790170130858483,9.85699831463882
0.258004442910391,0.439716916411046,-0.0955744843691768,-1.50420219470967,-1.51390345768566,-1.26661041539446,-1.32046948203692,-0.216004846003181,1.20390930525703,0.18751600784245,-1.69067162760645,1.45125465695461,-0.784876246357627,0.343867813147937,0.918031468679986,5.06336596822485
-0.364589652567442,2.57968110307874,1.03475301798792,-0.552509305088355,-2.05243181576242,-2.59172357032195,-1.58261419862824,0.822934338127747,-2.81773264090762,-1.87267467788283,-0.978499545866606,-0.73941443160269,1.77269166089992,-0.988394438466873,0.68706706963612,-10.328013849346
1.90814725117294,0.0814336554265329,1.93098798284425,1.53356639031738,0.507026055870156,0.463608138689171,1.10355470466772,0.498135639144229,1.30772833104223,0.00274821074050025,2.7552177437199,1.05477781427666,0.101033487982796,0.265932586318262,0.723348218864005,23.9907709220189
0.234549136250678,0.127126047327737,0.787490899969317,0.76538072280197,-0.438823032916056,-0.323305224031532,-0.840422717187557,0.196856619599786,0.000328471772039235,0.644456438752362,-0.305610614153803,-0.0360210357544399,0.469578896898392,0.140917648234756,1.64538183270713,1.52599036020532
-2.5760041985886,-0.74589767334505,-0.963772439701864,-0.106877054616072,-0.927379299169008,-1.15825249747382,-1.51096316385589,-0.6265147032492,1.53198073094478,1.75168091394701,0.730958976376216,0.770768806435139,-0.119086143496059,0.151032909055136,1.12634753243498,-3.50001352732774
0.338851712843191,-0.722764649786754,0.0816418133447149,0.105709981611788,0.401242022657932,0.776541955697982,0.755242285081142,-0.814922575370518,-0.102596110728101,-0.349238454522481,-0.650659827368384,0.0488691833051531,0.0937333031738533,-0.640318759179416,-0.157421333773411,0.981870172894504
-0.99279644662055,1.44909329231719,-0.449826509377106,-0.19147278080234,0.395158449768595,-0.141292312342646,0.760782388469965,0.589924858981657,0.248183870616439,-0.787924099438292,-2.09030289885316,-1.83940158418673,-1.65229928836214,2.03500910933479,-0.00126785348749694,-0.0336483039453444
0.206566156910479,-1.17634370018515,0.428179997318552,-0.40459113903458,-0.441584871934008,-0.646723142615147,-0.480642391544678,-1.29450054420503,-1.00090776577157,-0.379654267404887,-0.170258246795906,-3.1205440229438,-1.04016630522129,0.358206633870375,0.600938380711726,5.41498472807645
-0.675947157073412,0.0788320742212199,0.033359766964746,0.461072198672725,-1.48364102438619,-1.03621793083521,-2.22650228798549,-0.214367108380936,-0.825752024792431,-1.00657262595767,-0.265604560286105,0.209915533983491,1.08861470131935,-0.278708924219647,0.136174674747829,-0.0655102337597566
0.633163413762938,-0.0539912801404879,0.192669954301958,0.38655201194932,0.823641233545304,0.935246512667518,0.390762661909639,-0.251188115591761,1.04915771677174,0.211011854005382,-0.399878238668371,-0.263735037631348,0.209461969730197,0.264270573061804,0.705173321909718,4.35148011206991
0.503166005518489,0.455087408372677,1.20793232057162,0.643515031686937,0.642339720433135,0.415588670133087,0.605817459802034,0.589545462566155,0.162442266772705,0.628198899165712,-0.114640835506392,0.398220951420294,-0.398506917882514,-0.77446164392431,-2.23032042477303,11.9939034112972
1.11730242650561,0.469373644161868,1.07790026693749,-0.266308284416544,-0.126075220659729,-0.0094893020630657,-0.144575226374881,0.394729276835205,0.443960632286861,0.765030846642254,0.264268271645637,-0.252153465843575,0.486171241465874,-0.386304498477906,1.88080351879332,6.34210324575766
-1.17574759949151,0.718821885813835,-0.0942929420053563,-2.51343184198798,1.91340898936137,2.13248091230231,3.03016230212155,0.463096896127856,-0.38102912743825,-2.60108235902133,-0.150116951253807,2.01807738271782,0.505861909840593,2.39191993211952,0.0610285835563209,5.73434070319265
-0.364168131798291,-0.381524269692452,0.237382841943389,0.996802341001411,-0.783811409959916,-1.89006127775714,-1.90167753176555,-0.560792823681945,-0.551767553750041,-0.362347573150196,-1.26400616794736,0.230537127828304,1.99089463294421,-0.767380806442309,-1.62246533089256,-3.2539889054862
-0.199222366264626,-0.326018214794736,-0.408829916363358,-0.621321049356691,-1.30917182539017,-1.06189554494238,-1.22217162582321,-1.13743691945588,0.545019463464933,-0.486608441858973,0.486184791561939,-0.446947727582665,0.163066343885578,-0.0777727002644162,-0.913793351583521,-1.19119422158162
-0.740411595830307,-0.683044717078349,-1.31262781659378,-1.05877453381523,-0.954351908567526,-0.826409965353673,0.201559795115729,-0.758417432264312,0.226528617779026,0.709375815389499,-1.94937175532242,0.337363066346866,-1.0625075755103,-0.456104849749766,-2.12932705116922,-6.13639360098515
1.84567193450267,-0.0880774446066863,0.783715061771955,1.22311518399832,0.0788279817057119,0.124609956940594,1.31728383089818,0.141723221267208,-0.876897968880744,-0.447858214092095,-2.0503574572842,-0.428674796881306,-0.115696482915668,-1.03963394282478,-1.09023508018575,7.98767752116706
0.50149105281976,1.15416958565044,-0.0530323630893552,-0.270518126630843,0.509126113229774,0.722238218780783,0.000700995412315081,-0.221240668512342,0.203395074988719,1.2004970844319,0.739180494701568,0.0929302341139874,0.607565627121377,0.421084990219806,-0.142248428639786,2.25184700629691
-1.46131109042796,0.930878568609425,-0.858841890927515,0.681671197746108,-0.163874353718489,-0.789905536748516,0.05362161377579,0.452364496269397,-2.00463010335526,-1.30095063660006,0.507020272135357,-1.21748018723583,0.995659011428702,0.0364721766542091,1.5147146124944,-4.56176296335924
1.21547465191573,-0.824426429202976,0.0951398361325048,0.89236453369313,0.57025148155149,0.0682789955432782,0.693911610833485,-0.665268839420096,-1.39160638993038,-1.19472120877252,-0.057395365074036,-0.00858520185960537,-1.61503187212788,0.911027308999928,0.410674585419801,9.48000328790043
2.06966827000401,0.927921210578861,1.14568413364987,1.32021618230427,-0.849085335050291,-1.36695890254073,-1.13425038525847,1.26521181827573,2.7911906170003,2.65021000552622,-1.39544850475507,-0.477852396035175,0.253706719491813,0.810577920330005,0.232860611964576,17.4517004703127
0.805741712703293,1.24968797096174,0.976957382069244,-1.05621613303519,1.64850651329466,1.13026319562349,1.38445748332968,0.797652726681855,2.01998282711341,1.60725285207527,-0.707910940674075,-1.12273662536868,-0.897254927498116,0.900707719041996,-1.13510452121571,12.9841537875501
-1.35841701288289,0.514980056262208,-1.8824168184552,0.756132995600197,-0.032289459264223,0.611823451942155,0.179434055307459,0.124857059848449,-0.67200827896426,0.259195482996386,-0.262746747686504,1.97573586807264,-0.566631924619442,-0.918203372850994,-0.824485305653511,-6.32735275191013
-0.753774467403563,1.78817538951636,0.588154105727239,0.115980309373981,1.32631352640508,0.774586994057411,-0.402051819543684,0.165977080464807,-0.738622059294293,-0.706698878146433,-1.59589396857411,-1.08373536994017,0.845839624243392,0.640960799203096,-0.746927693372195,0.602747164094409
1.27536549639736,-0.723250906222689,0.451354295087879,0.0107962055097837,0.371702912997082,0.120506634582957,0.751967040415283,-0.65747528930086,-1.18629191741002,-1.79030379656379,-0.739028658023233,0.00696422344193753,0.746248539431899,0.665271506290095,-0.706128612186105,11.4140750961963
-0.710405164612042,-0.849375442629029,-1.41271673933675,-0.0689123723433831,0.461533827810775,0.538508831794975,0.532459961350964,-0.130455162489576,1.83041249885188,-0.0523857195721719,0.65233033817668,-0.802808034948757,-0.678152461197559,-1.02106299820686,-0.351536876248605,5.29046532489269
0.769588097895702,-2.08068301848817,-0.0496490416145314,-1.64308940445445,0.499484433089457,0.0889074698017683,0.436282342165245,-0.867518200912066,-0.929677408156729,-1.87548917804206,1.42730536428922,0.297039470879875,-0.157842021040083,-0.31861624222724,-0.276011061716481,12.1116528087885
0.917043523293323,1.8380078798279,1.62574023922921,0.641043027509472,0.760391231783737,0.289436275314809,1.67582587744905,0.988295777197317,1.32117633361316,1.6223231534497,-0.419434752658551,-1.27438513446892,-0.536081795120853,-1.45611209647897,-0.339078373626848,8.25959306713905
-0.934438559201626,1.04950017655602,-1.25894793902661,-1.3074506496555,0.479037026679144,0.769704064367614,0.237762348593213,0.737488980195471,0.195669634470677,0.225466309732137,0.756488354316098,0.840356823935551,2.89170298995677,0.669622632380284,-0.671324230268482,-0.339179925845364
0.185804533698286,-0.0910052290077787,-0.515583949140991,-1.37052789266207,1.63562607506805,1.19600836837943,1.08730693669341,-0.0599928539959868,-0.540851342064612,1.29786219629799,-1.91406007058747,2.03615618635884,0.278358166445363,0.665022469443974,0.135053165812226,4.7734895467598
-2.82420507536388,-0.356587843382758,-2.29425836338589,-2.49473938823861,0.296493994449544,0.159166426141491,1.39145315102431,-0.0488802523218993,0.18369926441339,-0.317279432108168,0.659451241113612,-0.83953923710067,-0.83948159127279,1.43036279911836,-0.314414783366775,-4.23956653582042
-0.857044549428731,-1.30783564342671,-1.62877006438524,0.805372082589638,0.429142522628124,0.497270912609164,0.209766974678598,-0.573166385633839,0.0816140836891972,1.96692407478405,-0.803948414727481,1.21696886268132,1.32216714622113,-0.228798507814346,-1.59556724622223,0.207501641872461
-0.249462365440146,2.83485034358516,1.32444480616988,-0.705033839110737,-0.0162058356889424,-0.695523817959534,-0.41980486404915,0.731335505166071,0.523030435520975,-1.02373048911556,0.30734561670797,-0.38187934439569,1.3574613656833,0.451469586563796,0.0343818222579351,-1.48008460523405
-1.6413340516699,0.122360763285563,-0.813277119652501,1.15939275532704,1.02011191391915,1.56875449998517,1.35190196139096,0.135907157880444,-0.42211292638869,-0.970731089343008,-0.247752418239709,1.50579112107609,1.79167071052353,0.987735101025308,-0.116763997781576,3.76617427320561
1.31287720500902,-0.19039587508358,0.864495795414572,-0.0460780718728073,-0.551290698693063,0.025580926599627,-0.17195161278154,-0.280969677734831,0.00868817582660941,0.773632831996594,1.32041400978383,2.18849898609599,2.08799368251009,-0.753891528554692,-1.57962745255518,6.78953309123988
-1.52170878926703,0.574334147530227,-1.77009559586095,-2.13640037098114,1.97798672950861,1.80830108522419,1.9256219373228,1.1851122380597,-2.36095599940837,-0.745572353012731,-0.874435648339918,-0.233705011708459,0.707714882866129,-0.905965141317699,-0.591301446696538,-3.43556537475128
-0.622898147344769,0.733195239688079,0.309627818802031,-1.24853778595775,-0.158629141774754,0.0499476962546764,-0.815733158935701,0.728555221776865,-0.530021762640478,-0.136454398437468,0.627606297561831,-1.52026608089465,-0.349851743778128,-0.722885201076165,0.597072561011359,-0.476472338598903
0.0746491863904575,0.387904094739545,-0.575557080828776,1.27503379319277,-1.40606556292693,-1.1536860000713,-1.75007623999436,0.000850041925771761,-0.698593845139432,0.30043076302248,-0.279507463296534,0.94808438743609,-0.20261676760432,-0.349295468205221,-1.1364499386607,5.00053443910597
1.45826826653525,-0.86215408519622,0.584533769421342,0.276483808783167,0.518935901660847,-0.37962778370789,-0.236308245016538,-0.309957194221883,-1.56464216008384,-0.913059880601667,-0.158305478009664,0.224417207944116,-0.292075301606543,-0.870554355646153,-1.24217906972849,7.63869125060718
-1.27695432487242,0.361421033591589,-0.50650378507835,-0.979045941844433,-0.782200998327268,-4.579422303852E-05,-0.727384284608708,0.255166601984965,-0.773081245542543,0.221708232407166,-0.18385389315921,0.501791167777641,-0.403755367179027,-0.679827709961224,-0.324883621991739,-4.61026563267763
1.14201411873723,1.76449705176189,2.26710320738618,0.508967351499276,0.628862031577404,0.921575067557845,1.09614974416662,0.639156790957294,2.85955680509848,3.09559258433932,-0.845673104494113,-0.339845041844365,1.23993680728859,0.880915169033245,0.622932269811964,18.1863537205715
0.156183554167448,1.06869699080543,-0.240984384397724,0.504852654473421,-0.356291298809871,0.000118780333252744,-0.401700525769608,0.670828840464953,0.159090111409718,0.394722012067522,-0.0140989659066716,-0.884492818660699,0.000720906935975876,-0.0963466314942926,1.8103275907227,0.746896643010801
-0.962166326604915,2.07779933348023,-1.76333783346551,0.822946220588076,-0.0536659951086207,-0.739396631424375,-1.51179048564382,0.291321926472996,-1.34835279939969,-0.97166444598642,-0.0626482221218215,1.16034818096697,0.971421864816206,0.306698373659436,0.658935354853684,-11.1363986562092
-0.130536495642891,-0.607911817194587,0.183085540837705,1.58713027217191,-1.88880159657596,-1.1623159619224,-1.25117613840902,-0.300620908651675,-1.00309811236859,0.123609246520644,0.241240248406729,0.319789994556033,0.67651655478099,-0.550716788118575,1.08482774015611,3.3392562692641
-0.0827409225721563,-0.624457264010932,0.803900598147162,-0.300050737117045,-0.250013712167405,-0.142244121635163,-0.300765011651103,-1.56826703354443,-0.813518296980623,-0.519809246682945,0.0845051456928626,-1.44355703418373,-1.09865496312208,-0.61636542918234,0.346697628501664,0.727505552094409
-0.643443143875279,0.330607895477087,0.332922917428526,-1.50611274922968,-2.15558414352278,-2.20266329228801,-1.59316009807261,-0.616833007496126,1.33460694521555,0.605094704808832,0.797994549612236,0.686875223202894,-1.71717666986228,0.285555889540397,-0.68511597964273,-2.06989021348306
-0.293106337862313,0.355218181733083,0.189966865074265,-0.39252453562627,-1.7323996699934,-1.49029304174446,-1.31738382711132,-0.774539126976423,-0.510751009270636,-0.972256833137846,0.923508616047369,0.486168597966501,-1.23666296668507,0.126062328003405,0.651711076596913,-7.0202205902815
-0.205334977862899,0.964705424655534,-0.0884932621079051,0.144686427524358,0.663353489070724,0.661003208914518,1.42120843078575,0.854129759128619,0.737738906802435,0.316117216969446,-1.0506233218278,-0.325298924323564,-0.426706367730789,0.777986678308069,-0.085608048928121,7.57764221218711
0.572742594954357,-1.57134560261384,-0.124601886752793,-0.929703722635237,1.03197506128178,1.26601282204038,1.06572734552091,-1.05273572222092,-0.362266930913469,-1.02829014953309,0.868772500590771,1.61981323424232,0.134328100267875,1.30159299800399,0.377033837828013,10.7722464523375
1.02775923003024,1.52229163754334,0.424970812674192,-0.758511712538729,0.762460417526667,0.481601509724184,1.23319301550661,0.868471018749529,1.01436374003879,1.21282448549465,-1.18633642710985,-0.618173162347264,-0.648300327344385,-0.691412204276405,-0.946029826350961,15.8251940843252
1.52198395486629,-0.429118456798028,1.17422159186935,0.819592926393491,-0.854399971094342,-1.75380402456407,-0.653625761518546,-0.574382312784669,0.498652427930884,-0.842210955128378,0.587855888137735,-0.168986498154842,0.703065146741102,0.861184537763781,0.466445800839806,8.45802449596324
-0.790597657771863,-0.329573285430939,-0.610159631775101,-0.419997001218506,-0.223674226842391,-0.494585940824781,-0.106460504007722,-0.882927280206237,1.41872469989376,0.915772292688803,0.619738784702869,0.768648087968198,-0.527685194416959,-1.07980616769316,-0.120508196765896,2.50789797085492
2.1776336118169,-1.36581631260811,1.51110421918902,0.672707007808467,0.39380968324932,-0.0779408399676673,1.35985829317756,-0.662201257864871,-2.23642120326093,-2.1826000692151,-1.9113168916625,0.0767629503307216,0.256957438183944,2.07377868280328,0.231257747184084,13.2536600369016
-2.05321359085791,-1.2985528553273,-0.177399325113162,-1.34412167455682,-1.26455886875494,-1.03436509592632,-0.624942415824608,-1.21668978181827,2.9586553816425,2.11409634839325,0.0929792465294097,-1.38442315435844,0.117581680661887,-0.786304053138329,-0.0850731748251321,1.11277394874676
-0.335805894097865,0.683785394772397,0.473646756870676,-0.275936242716442,1.43637074553286,1.48076290620719,1.8476449543698,0.859848519379453,-0.164089339282705,0.169544716395779,-0.468496113360316,0.18379937299343,1.73443309178739,0.69063056975676,-0.277203115341683,5.76072608584358
0.497576300538138,0.133665863950256,0.0769393353416082,-0.747737982322931,0.945829857473596,1.36495060649314,0.11157964065267,-0.280847176694281,0.279704491403892,-0.361410322141488,-0.758765257935375,-0.414389791965233,-0.975240925100273,-1.08724033874467,0.484690779618409,3.75447825084884
0.164538822172664,-1.20497453827721,-0.362733826570599,0.974495971445297,0.0898679103132909,-1.00140491944511,-0.993948744307787,-0.888399130865192,0.261444058285427,0.254334182045956,1.35085233069901,0.856996244916263,2.20841909115471,-0.152090886146799,-0.406091128891564,9.2421934035146
-0.571574653107948,-1.37275026417484,-1.95309676365127,0.848439478777574,0.197681034304976,0.0843210135965949,0.202515128279643,-0.440918885160117,0.809405830789764,0.807372911607943,-0.653679140637419,0.15121834399514,-0.594349852739605,1.54573314215352,-1.58868813037759,-2.79131972039795
-0.159950056042316,-0.159776558847546,-0.676015108583851,-1.90862453734528,0.291355908019935,-0.51880888220731,0.295695526608497,-0.0950438265200027,0.50310467586801,0.346678957023429,-0.80637692911805,0.0945076530473908,-1.34005689036081,-0.817704151986073,-1.87397007568245,0.424784685349713
-0.492087128612808,1.52655042830264,0.126238586452595,-1.07741114059006,-1.94907716240067,-1.73784995023062,-2.41020840742928,0.830214255305039,0.324022640656277,-1.49312744044403,0.0756949400050934,-1.04825116371905,-0.216914990426538,2.20418616788622,0.184416569426978,-1.11954770587039
-0.458283306020307,0.00179783787356846,-0.771908433472724,-1.67333868217334,-0.238474448791904,-0.284960868297398,-0.162587762753361,-0.153806028348568,0.41991072228658,-0.259538568297923,0.685589746298416,-0.230025307914006,3.24013914863681,-0.00527559710904574,-0.447217814728856,2.98739349460128
1.20679597945693,-1.90693685719213,-8.29998143945243E-05,-0.395143305300591,-0.570356345094097,-0.514140259188151,0.271191908828359,-1.09397845305802,-1.05891640588817,-1.59812045036228,-0.141648586010127,0.970101094012653,0.895205235018625,0.975712537982666,-1.72909917743205,3.86139055008964
0.641881726597445,-0.207829190222021,-0.37753989348467,0.0236666759991533,-1.50753202543378,-1.34717319413082,-0.584378525164736,-0.240125058085929,-1.15097165701023,0.511957656722606,1.16637054566925,-0.776536344541371,0.602964103441262,0.402944573503603,0.10653496705378,9.1740643900037
-1.13837898579563,0.308955129969815,0.147783215339222,-1.65751809827673,-0.340421784699915,0.230685679777146,-0.965705398737598,-0.399599762276182,-1.65253831744845,1.36313673979574,0.530975661964091,-0.0325502230877142,0.79518686164152,0.457040065596367,-0.0938745549733593,-3.26878612903815
0.133423534962664,-2.99698604032324,-0.53887049296576,-0.651979850495338,1.84595091383288,2.21437639247306,1.73078123056376,-0.495926586132279,-2.15425587758672,-2.98973911426785,-2.17821131973143,-0.93644605164901,-0.769593464502307,-1.4261137171431,-0.499613593222732,6.34115394928138
0.587595494248391,-0.257618357675268,0.157081573235672,-0.911767515818516,0.410640044543108,0.874260582471765,0.157862972755473,0.0305691470473471,-0.0830617483635937,0.737108914793393,-0.529466963507008,-1.18384264105167,0.326044376365859,-0.472852792978046,0.246809318180853,11.2151616675245
0.402798509314334,-0.0767621753110035,0.198606629312154,0.451125965050632,-0.493914326220485,-0.622985888528173,-0.803798939627934,-0.626230824343127,-0.548065803978825,-1.7064921239465,-0.561842099351699,-0.0848590449893526,0.00250230031712263,1.1959764624837,1.3150940101078,-0.843118648317755
0.562199221355807,0.750080899395298,0.749374261394922,0.258232989613334,0.531688537158934,0.804525695474212,0.324413381978373,0.234959995489523,0.608822750147762,-0.397580973547282,0.479360953429422,0.173801164877338,1.80906674864441,-0.344321201769997,1.28459071868514,5.95388547824839
-1.18002891873988,1.95414512472741,0.737244390225476,-0.970436056613875,1.7504505762491,1.11659840939106,1.1127680870236,0.406145347673341,-1.57505798856148,-2.20392029745439,-2.62481705637411,1.99386293923259,-0.108687716586652,0.138832082717813,0.143764643108585,-2.27232529199651
-1.10077517147098,1.27332116859206,-0.405760741725619,0.00876656008030713,1.23923762795574,1.26685594652105,0.171552459728732,0.26283285104156,0.158365805342137,-1.5778364527101,2.54900970871772,-0.455460383846209,-0.378276544577408,-1.54742212836915,-0.0847104328628535,5.45372350924697
0.909732423584698,-0.0784722499862996,-0.0540492065931292,-0.322492003050287,-0.0335307439034584,0.719422727649743,-0.0169624389907399,-0.752573301389568,-0.140661191160308,-1.3094506717929,0.53102609489421,-0.0501692676338825,-1.16479939736912,-0.537576941000744,0.157735207611681,3.60055501439962
0.838116813524259,-0.773615956154803,-0.258623821502588,-0.0885440306960138,-0.677104320018913,-0.218692553713899,-0.98330135981396,-0.830363486150453,-1.19823681217678,-0.386291274131201,0.148876803917691,-1.25007351797092,0.140014486875615,1.12303929763147,0.309006932774348,1.11958710143395
-0.193854714182164,2.69630540032841,0.209280410837526,1.66718161210929,0.683433800491911,0.406382325690626,-1.05944590038777,0.181028435703387,0.639329045540314,-0.203634710140692,1.18156771641915,0.612240014906914,0.292951833518835,-1.28262943192694,-0.268298177058055,0.873124472606508
-0.659985304334691,-0.0131588623710745,-0.397470912241834,1.37565926678298,0.303153490189825,0.538052312330991,1.62526860012275,0.264629614348209,-0.145043808555778,0.27253172223014,2.34365405281263,0.398094779353281,-1.20158818814052,0.717079036996164,0.174543059953102,7.66282740682876
1.11379156131268,0.215701402273766,0.486438130111438,-0.91628176819107,0.934198216833358,0.377936602524273,1.54845501255774,0.0278143409794614,0.386372645870976,0.50112784758542,0.870746644588403,1.48839467769143,0.453163604060576,0.177778138584986,-1.5736295710418,8.00660197589567
-0.474030187215066,0.545839493358561,0.160040640282137,0.652261001228426,0.483515387904452,0.86412792615224,0.409391366726972,-0.811524432340151,-0.31991578304751,0.200203606508223,0.94881309647162,1.11162215150871,0.233179523794859,-0.235955486023178,0.0813488833467644,4.84072642359855
0.103423910537799,0.158294636853083,0.56502913041032,0.975525768842603,0.82342964833183,1.22979408046435,1.06084414516369,0.458782139297817,-0.346507165982419,0.568805877171049,0.130690024464382,0.351406668842283,1.01344575988376,-0.279924542322007,0.476813595024605,7.2863683302116
-0.147184676500147,-0.436719203325135,-0.0629058094093868,-1.20892108448279,-0.410692966780514,-1.28316174737343,-1.23822781995111,0.180459934215561,0.0881063757233388,-0.0194839857762371,-0.141525753366948,-0.4700714995887,1.2123681179019,-0.491029698077987,-0.489841942006406,4.29434547939438
-0.222274157979119,-0.241537806094144,0.150465252612357,0.753473282786695,1.44329998247869,0.85268052806938,2.33482779232085,-0.940256540632401,0.133855486384011,-0.706019935910589,-0.475795444004901,0.20466843789006,0.0942792936142794,-0.401970972056963,-0.0954726442860987,7.12604769954982
1.27256430186752,-0.582973290426472,0.358099461656519,1.86756497400871,0.0367364527604012,0.0843440459948928,1.33597282155627,-0.35193020807887,-0.264997021180383,0.139593980637391,-0.826111991714542,-0.111013462131761,-1.0363648841321,0.929740224811157,-1.11150538070112,13.1284235279662
0.861290459512276,-0.684554134020209,0.716427411263752,-0.874919901548005,2.25433195877779,1.95491697376894,2.16927710957318,-0.375346709336211,-0.215087112035928,-0.439413577665897,-0.687014099699497,0.95339753323798,-0.830621580544645,-0.432043814244774,-1.25031358295931,16.8106369457445
0.521588953736172,-0.289198267988639,0.208802821387379,-0.673449930214072,-0.815503363922634,-1.17297859225709,-0.0750694315783611,-0.478002275982321,-1.72753313639804,-1.09699869689246,-1.35055596434298,0.826231489962468,1.76212766307909,1.80759032219231,0.210815077959191,3.15473807399607
1.66445025765368,-0.873444238463341,0.657366380861509,1.4093051089898,1.78659685077285,1.89155529490612,1.8411358705256,-1.15978862455102,-1.23354678056625,-1.05514757511746,-0.0758714506850233,-0.296415443654755,0.16548939312256,0.299532503043212,-0.729563015737616,11.1659301655272
-0.026555030275332,0.0792702430006486,-0.294480798510535,0.277796463315476,0.361979585985139,0.298500227038853,-0.604124479862911,-0.611013169061434,0.55790837064805,-0.63673219986018,-1.68466757722639,-1.46199377982688,1.74615377955106,-0.576261929028272,-1.77682566157602,6.63133624884889
0.673761609441984,-0.155383118250151,-1.15610939915722,0.756062166628012,-0.658140516555191,-0.729125656405856,-0.898512024992643,-0.405350238548485,-0.382045726502849,-0.466083738425277,0.190916524143711,1.33338730022042,0.49860481848723,0.973365952485614,-1.11177829913444,0.597038200868414
-0.590247144315415,1.56114289251641,0.334869644165219,0.24750918942246,-0.392937651626095,-0.786202434117667,-0.404729053991147,0.948277908183751,-0.639107408267033,-0.225801281412423,-0.0363306080423417,0.581873956823205,0.753735637178448,0.623895943076577,-0.966379093792069,3.94608639493477
0.191181677130989,-2.4381342632513,-0.0122392302041756,0.487945826674677,-0.423633236971835,0.0991355423723053,-0.593075939440387,-0.630247231078023,-0.168891659209591,-0.615515995871458,0.146935298386688,-0.319490070572669,0.938723616238159,-1.65417644022766,0.774580497731742,14.529775193622
-0.395583868575755,0.960860940751509,0.914246149493329,-1.36551504462139,0.384872629716297,1.08632879163723,0.292973979940895,0.413710581272371,-0.640433294653691,-0.770533082070386,-0.522131570019992,0.542873348103671,-1.22313881440942,-1.03447135701754,0.179114011368467,-5.40833235409083
0.0451121470156913,1.40001693195045,1.13587014674938,1.07641649611926,0.481663601859432,0.329410894496885,0.467995753530031,0.787783299380297,-0.959097017060585,-0.220528525354677,3.0768603701805,0.0748613062500291,0.306950750112526,-0.115420301202412,-0.8716021981573,6.17064797527796
1.10866956947962,-2.15125423568332,0.269416555382619,1.34813710005885,-0.723015673246627,-0.818566770800507,-0.622227102657856,-0.768618125318851,-1.34643454695783,-0.481959659950815,1.36011590018031,1.31861792621947,-1.23699890136206,-1.5836079344202,-0.58776590497116,13.362084111346
-1.22979102611288,-0.121044449814098,-0.574812892995361,-0.47485694903807,-0.0597094248841393,0.172128473903816,0.00700050203750709,-0.353976838582943,-0.058527688510058,0.627874159777817,-1.24454250008472,-1.92978023180503,-0.284912347877465,2.09052990197161,1.31208441610723,-1.2843214740493
1.60831885632244,-0.186830620791875,1.22524544345632,0.584239232891776,1.83254669883911,1.99905860671307,1.5059073187739,-0.289958002655786,-1.45357056550646,0.675347385864797,0.232868087426898,-0.397190966513432,0.64016963612305,0.822232182039341,0.936102435196951,16.4916749934274
-0.564666283251619,-1.6881433053312,-1.53720624404756,-1.83291271700563,1.62931242067229,1.67178428983542,1.29733348062395,-1.25474473730842,1.29321631042115,2.2420709511693,-0.608006142937324,1.59905451547869,-1.02533389053245,-0.0133328470364619,-1.11806042798183,5.56541607378957
-1.27698571593329,-0.452022052738366,-1.22928355632522,0.149998172181515,0.379348571000098,0.732184930363901,-0.33442688974595,-0.233038431983566,1.28847011798186,1.74542131290107,-1.01447972670741,0.563198403467312,0.559337324527672,-0.342706553613264,1.16352585962633,0.18363964773729
0.957389051902093,-1.27136487900004,0.620098875776394,0.919490703764164,-0.0132324723308757,-0.725738956834717,0.62469280797992,-1.36642392810011,-1.29267195557798,-2.25767794779957,-1.34007207112394,1.77260666831421,-1.49836898546584,-0.599663654358999,-0.0806288084498101,3.95628673934215
1.10363410018176,1.99468778290797,1.8982364560485,0.17530779118957,0.0717318375441055,0.647352256659329,-1.14335683838593,1.17860283229143,1.60209389067274,1.92190938593577,0.432216690759254,-1.22180709316346,1.14331982396157,-1.96403215797091,0.799611626056244,12.8489762321787
0.442435155131096,1.04586458716786,0.665075482081678,1.31158930498615,0.601165132758391,0.642590182462153,1.30567217872057,1.27775817247116,1.85336081651164,0.546800666363011,-0.681380235069574,1.07219671593849,-0.664437182105348,-1.73287365164563,-0.163307955001507,17.4101622358605
1.17614842332836,1.8230101980327,0.615515784645385,-0.145573578200657,-0.926904261581193,-1.18738982302328,-0.1909829268407,1.14792368253117,0.5589607306314,0.41328867124492,0.967826024025204,1.01222442345383,-1.02711742421878,1.90112073126761,1.18582919874218,12.2512717324242
0.191130988554866,0.65463226933168,0.281637537223104,0.560931894039526,-0.0824731225968406,-0.293070199111925,-0.438684889612918,0.579631126133972,0.186005890412967,0.108772584534468,0.993782214530439,-1.68172853532883,-1.43535591599108,1.57359963923259,-1.1596206115398,3.8186116837041
-1.04362779392954,-1.23384681005269,-0.629249282020922,-1.28884065013787,-1.79853711924724,-1.68361233186938,-3.23046632657397,-1.11532603039874,0.656597283539086,1.67469471158652,1.37391438521145,-0.295502289533084,-0.579353832837659,-0.575777754924041,-0.255450431381516,0.45049075068613
0.722997022173377,-0.530346148046094,-1.0306382612758,-0.000810783416120221,0.15858295152745,-0.293257398772691,0.182436785424905,-0.0863627615218102,-0.632212830969875,0.310821086653954,-0.852386766074104,-0.106529105194083,-1.9076118069568,0.907999156182457,1.21645977789912,1.37807004261068
-0.858876188413113,0.398420626377635,-1.58825577429844,-0.377502771356469,0.43878705725412,1.24517123068404,0.60868544292945,-0.099116019125412,-0.740821072844025,-0.946317376391028,0.47536561069201,-1.61955602876741,-0.54839913910833,0.506420774997031,-2.39260814819726,-4.25323871765159
1.19774834502054,-0.98214523830933,-0.234101393201078,0.517843842066267,-0.580627046538359,-0.466656209391127,-1.08954539425672,-1.32787814647529,-1.52685194327432,-0.6719997036943,0.632454216642301,-0.274602326520439,1.09948702533308,0.624287956648842,-0.0460614041244654,7.8436671258281
-0.0572696073801911,0.228105247641412,-0.535462512380823,-0.413644143284,1.50360249972673,1.75118761546898,1.26485572700509,0.495081626367357,0.146781376126701,-0.551162961609462,-0.474178175103965,0.873183140778606,-0.188711599739834,-1.42517776450071,-0.393546319873187,13.1648719492758
-0.434974809972872,-0.556430123902041,-0.896312595927147,-0.379121754709421,-1.37976487624183,-0.845145754772724,-0.307648543684331,0.257042817579747,1.84274099318812,0.350066125772585,-0.771771957392875,-0.39092305952474,-1.17751861590664,-1.80817792253016,0.684661230543745,4.12296005631702
0.147067517365062,-0.695161684023355,-0.431428019302118,0.729631418945608,-1.7235982130598,-1.87283986323394,-1.06541858282878,-0.214198728849199,-0.380768304689706,-0.0918829465306119,1.60952066577597,0.242133155674026,0.226263316568808,1.18259435906989,1.06991343541097,3.17558896331734
0.422532698995354,0.996052245795564,0.260193814432963,-0.31288480095553,0.133227653065134,0.413840578174063,-0.330286650066888,0.265343170448234,0.00194001967119567,0.140371357387081,0.227495875732054,0.249370282727652,0.137895775874907,-1.97929830303683,0.730283819306964,6.03879945809364
-0.78974991390783,0.957447323260617,0.710951113594478,-1.77569446657987,1.08338362663495,0.940041866252637,0.0885388008548953,0.305669738490432,-0.294628245772554,0.285927945933676,0.635967750711738,-0.0121434111387662,1.95660996258572,-0.148193541382515,0.241000253397246,2.41634769267232
-0.684228752684697,-0.392300931380321,-0.441671844906099,1.50291778553549,1.80293358462498,2.02263600154447,1.48771730089201,-0.598907557874324,0.573852937742685,-0.431341860225267,-0.822076011827927,-0.705182024025429,0.790721018540406,-0.367702326217787,0.0405645480953603,2.3995339195037
0.0403726005662805,1.10868328640725,0.790228864007344,1.45456024213806,-0.570368873490604,-1.30977523100954,-0.586958330479203,0.632619669992005,0.46699941534965,1.64415039897515,-1.21928446652219,0.658813974883898,0.305598127172845,-0.460150961676409,-0.342710621479898,-0.861346265666144
0.84898274536671,-1.06004767866594,0.0878788980513158,-1.218772723773,0.996081269002609,1.03904311333479,1.37640034584929,-0.49090266122641,0.634042679250149,-1.53958462501968,-0.56944977449211,-1.58703376152599,0.905066548359548,0.314450822290657,0.209972621524631,13.3248363116441
-0.465982576046309,0.964499097726721,-0.741091533113434,0.537624852633855,-0.223848131270169,-0.279636731814292,-0.359698497041303,0.0290251968540266,-2.01071880178312,-0.730611730686869,-0.124021387389997,0.00858813850818265,-0.134381068180062,-0.677592429778452,1.45965482958551,-7.77609558130363
-0.580634771011955,0.314895317711212,0.578084592268521,-0.64428626223684,-0.178915134015775,0.000277880312842566,0.134272445276297,1.20244764699541,-1.95022432075049,-0.0202250886543046,-1.06422000681735,1.38548634051809,-0.0754131809061995,0.395735462465048,-0.830512298277541,-0.0334252293830214
0.287454029117109,-0.238035744493555,-0.0300471852322903,0.33310219653835,0.713974210648509,1.07167761243395,2.04475236152281,0.0266652120607818,-0.418944952259195,0.337189684652626,-0.009844808650383,-0.447373249841215,1.65894030343157,0.141155414691195,-0.402081475124074,9.59165441181579
-1.85222222835623,0.618692311176847,-0.33610902565682,-0.140201173435704,0.76694844106166,0.369272520484609,1.14162349187998,0.756726958264927,0.295842008526586,-0.542601127154203,-1.6885051880685,-0.727321221502277,-1.63557902681625,2.09873235405043,-0.0755099725668074,-0.515406798345058
-1.69894798592975,-1.10078532540335,-1.98803803500415,-0.656646932629289,-1.93356545537107,-1.86126170265467,-1.60524526138271,-1.13451097123439,0.664943414269092,1.72072354429193,-1.12004742246987,0.725516138775378,0.967945513140939,-1.38540939181813,1.00093267919567,-2.83140547709553
-0.358320048869108,0.980901504186524,-0.99371098467834,-0.999298931962127,1.4046144152354,1.43227420230296,1.36665006709392,0.738058524136789,-2.76920451001594,-0.37647681250098,0.670911248276875,0.163431760587132,-0.110791475687776,0.0292689839048267,0.223302339552206,-8.18308206843541
-0.410515435403266,0.115411691327153,0.288704649210713,-0.754575197829814,1.4403128219858,1.02143446322137,1.16608747363953,-0.757111064819425,0.439292418722637,-0.122281799851185,0.603790520277894,0.745447282056933,-0.291489421253352,0.431345099877763,0.983481895545191,5.95389437590006
